S00F00006E65746F6E65322E737265635A
S3150800C0000000022025CB00080DC9000815C9000844
S3150800C0101DC9000825C900082DC900080000000030
S3150800C02000000000000000000000000021380108A0
S3150800C03035C9000800000000713A010841030108EB
S3150800C04075CB000875CB000875CB000875CB0008C2
S3150800C05075CB000875CB000875CB000875CB0008B2
S3150800C06075CB000875CB000875CB000875CB0008A2
S3150800C07075CB000875CB000875CB000875CB000892
S3150800C08075CB000875CB000875CB000875CB000882
S3150800C09075CB000875CB000875CB000875CB000872
S3150800C0A075CB000845C9000875CB000875CB000894
S3150800C0B075CB000875CB000875CB000875CB000852
S3150800C0C075CB000875CB000875CB000875CB000842
S3150800C0D075CB000875CB000875CB000875CB000832
S3150800C0E075CB000875CB000875CB000875CB000822
S3150800C0F075CB000875CB000875CB000875CB000812
S3150800C10075CB000875CB000875CB000875CB000801
S3150800C11075CB000875CB000875CB000875CB0008F1
S3150800C12075CB000875CB000875CB000875CB0008E1
S3150800C13075CB000859C9000875CB000875CB0008EF
S3150800C14075CB000875CB000875CB000875CB0008C1
S3150800C15075CB000875CB000875CB000875CB0008B1
S3150800C16075CB000875CB000875CB000875CB0008A1
S3150800C17075CB000875CB000875CB000800000000D9
S30D0800C18075CB000875CB000819
S3150800C19010B5054C237833B9044B13B10448AFF3F3
S3150800C1A000800123237010BD8C00002000000000D1
S3150800C1B07CF1010808B5034B1BB103490348AFF3EB
S3150800C1C0008008BD00000000900000207CF10108F6
S3150800C1D001F0FF01102A2BDB10F0070F08D010F82A
S3150800C1E0013B013A8B422DD010F0070F42B3F6D12E
S3150800C1F0F0B441EA012141EA014122F007047FF047
S3150800C20000070023F0E80256083C85EA010586EA9D
S3150800C210010685FA47F5A3FA87F586FA47F6A5FAD9
S3150800C22087F68EB9EED1F0BC01F0FF0102F00702E5
S3150800C23032B110F8013B013A83EA010313B1F8D190
S3150800C2400020704701387047002D06BF3546033871
S3150800C250073815F0010F07D1013015F4807F02BFAA
S3150800C260013015F4C03F0130F0BC0138704700BFFB
S3150800C27053B94AB9002908BF00281CBF4FF0FF313F
S3150800C2804FF0FF3000F06AB9ADF1080C6DE904CE45
S3150800C29000F006F8DDF804E0DDE9022304B0704793
S3150800C2A02DE9F047089D0C46002B4ED194468C4547
S3150800C2B08646B2FA82F262D94AB1C2F120039140A7
S3150800C2C020FA03F30CFA02FC194300FA02FE4FEABD
S3150800C2D01C471FFA8CF6B1FBF7F44FEA1E4307FB1F
S3150800C2E0141143EA014304FB06F199420AD91CEBEF
S3150800C2F0030304F1FF3080F01281994240F20F8166
S3150800C300023C6344591A1FFA8EF3B1FBF7F007FB98
S3150800C310101143EA014300FB06F69E420AD91CEBBC
S3150800C320030300F1FF3180F0FC809E4240F2F98061
S3150800C330634402389B1B40EA044000211DB1D340E8
S3150800C3400022C5E90032BDE8F0878B4205D90DB158
S3150800C350C5E9000100210846F5E7B3FA83F100298B
S3150800C36046D1A34202D39042C0F0F080861A64EB0D
S3150800C37003030120002DE6D0C5E90063E3E7002AA0
S3150800C38040F09080A1EB0C044FEA1C481FFA8CF78A
S3150800C3900121B4FBF8F64FEA1E4308FB164443EAAC
S3150800C3A0044307FB06F0984208D91CEB030306F181
S3150800C3B0FF3402D2984200F2CD8026461C1A1FFA94
S3150800C3C08EF3B4FBF8F008FB104443EA044300FB81
S3150800C3D007F79F4208D91CEB030300F1FF3402D28A
S3150800C3E09F4200F2B0802046DB1B40EA0640A5E7E4
S3150800C3F0C1F120068B4022FA06F71F4320FA06FCF5
S3150800C40004FA01F343EA0C03F44000FA01F8380C85
S3150800C4104FEA1349B4FBF0FE1FFA87FC00FB1E44E3
S3150800C42049EA04440EFB0CF9A14502FA01F20AD9BD
S3150800C4303C190EF1FF3A80F08480A14540F28180D4
S3150800C440AEF1020E3C44A4EB09041FFA83F9B4FBCF
S3150800C450F0F300FB134449EA044403FB0CFCA4452F
S3150800C46007D93C1903F1FF3067D2A44565D9023BC9
S3150800C4703C4443EA0E40A0FB0293A4EB0C049C4206
S3150800C480CE469C4651D34ED055B1B8EB0E0364EB5D
S3150800C4900C0404FA06F6CB401E43CC40C5E90064FA
S3150800C4A0002150E7C2F1200320FA03F10CFA02FC3E
S3150800C4B024FA03F394400C434FEA1C4800FA02FEA0
S3150800C4C01FFA8CF7B3FBF8F008FB1031230C43EA8C
S3150800C4D0014300FB07F1994208D91CEB030300F15D
S3150800C4E0FF362CD299422AD9023863445B1AA4B281
S3150800C4F0B3FBF8F108FB113344EA034401FB07F3E5
S3150800C500A34208D91CEB040401F1FF3613D2A34257
S3150800C51011D902396444E41A41EA004139E704466C
S3150800C520F0E6084606E7C845AED2B9EB020E63EB5D
S3150800C530070C0138A8E73146EDE7034699E7304688
S3150800C540D4E7D6467FE7634402384DE706462346D6
S3150800C55008460FE7023E634430E700BF704700BF56
S3150800C56080B400AF034B044A9A6000BFBD465DF82D
S3150800C570047B704700ED00E000C0000880B500AFFE
S3150800C580FFF7EEFF62B600BF00F0FCFB00F016F8FE
S3150800C59000F07EF803F0EEFE054A0021054803F098
S3150800C5A048FF0346044A136003F008FF00BFFDE78F
S3150800C5B0A41C02086DC70008A800002080B594B026
S3150800C5C000AF07F1200330220021184611F0DBFEE8
S3150800C5D007F10C0300221A605A609A60DA601A6141
S3150800C5E00023BB60284B1B6C274A43F08053136417
S3150800C5F0254B1B6C03F08053BB60BB6800237B6034
S3150800C600224B1B68214A43F4804313601F4B1B6867
S3150800C61003F480437B607B6801233B624FF48033DD
S3150800C6207B620223BB634FF48003FB6319233B64DD
S3150800C6304FF4A8737B640223BB640423FB6407F1ED
S3150800C6402003184602F02EF90346002B01D000F00D
S3150800C650B7F80F23FB6002233B6100237B614FF48D
S3150800C660A053BB614FF48053FB6107F10C0305210E
S3150800C670184602F08FFB0346002B01D000F0A0F805
S3150800C68000BF5037BD4680BD0038024000700040EC
S3150800C69080B58AB000AF07F1140300221A605A6009
S3150800C6A09A60DA601A6100233B612E4B1B6B2D4A98
S3150800C6B043F0800313632B4B1B6B03F080033B6132
S3150800C6C03B690023FB60274B1B6B264A43F0040398
S3150800C6D01363244B1B6B03F00403FB60FB68002306
S3150800C6E0BB60204B1B6B1F4A43F0010313631D4BB2
S3150800C6F01B6B03F00103BB60BB6800237B60194B0F
S3150800C7001B6B184A43F010031363164B1B6B03F09D
S3150800C71010037B607B6800233B60124B1B6B114A3E
S3150800C72043F0020313630F4B1B6B03F002033B60DA
S3150800C7303B6800224FF4A0510B4802F07FF84FF4F3
S3150800C740A0537B610123BB610023FB6100233B628D
S3150800C75007F114031946044801F0D4FE00BF283730
S3150800C760BD4680BD003802400010024080B582B048
S3150800C77000AF786002F0A8FF4FF48061064802F027
S3150800C78076F84FF48051044802F071F84FF4967029
S3150800C79003F0E1FE00BFEFE70010024080B582B06B
S3150800C7A000AF78607B681B68044A934201D100F0A9
S3150800C7B00BFB00BF0837BD4680BD00BF0000014027
S3150800C7C080B400AF72B600BF00BFFDE780B582B087
S3150800C7D000AF00237B60124B5B6C114A43F4804325
S3150800C7E053640F4B5B6C03F480437B607B680023C8
S3150800C7F03B600B4B1B6C0A4A43F080531364084B8F
S3150800C8001B6C03F080533B603B6800220F216FF0DE
S3150800C810010000F0D5FB00BF0837BD4680BD00BF4C
S3150800C8200038024080B58CB000AF78600023BB6248
S3150800C83000237B620023BB602F4B5B6C2E4A43F0C0
S3150800C840010353642C4B5B6C03F00103BB60BB68AC
S3150800C85007F10C0207F110031146184602F066FCB0
S3150800C86002F050FC03465B00BB62BB6A234AA2FB8C
S3150800C87003239B0C013B7B62214B224A1A60204B07
S3150800C88040F2E732DA601E4A7B6A53601C4B00228C
S3150800C8901A611B4B00229A60194B00229A611848AC
S3150800C8A002F076FC034687F82F3097F82F30002BD6
S3150800C8B01BD1134802F0C6FC034687F82F3097F8B9
S3150800C8C02F30002B11D1192000F096FB7B680F2B17
S3150800C8D008D800227968192000F072FB0A4A7B689A
S3150800C8E0136002E0012387F82F3097F82F30184697
S3150800C8F03037BD4680BD00BF0038024083DE1B438B
S3150800C900AC000020000001400400002080B400AF05
S3150800C91000BFFDE780B400AF00BFFDE780B400AFFD
S3150800C92000BFFDE780B400AF00BFFDE780B400AFED
S3150800C93000BFFDE780B400AF00BFBD465DF8047BCD
S3150800C9407047000080B500AF024802F0EBFC00BF5C
S3150800C95080BD00BFAC00002080B500AF024800F0E3
S3150800C960E7FE00BF80BD00BF0040002080B400AFD6
S3150800C97001231846BD465DF8047B704780B483B032
S3150800C98000AF78603960054B16221A604FF0FF3306
S3150800C99018460C37BD465DF8047B7047B0C20020C8
S3150800C9A080B582B000AF78604FF0FF317868FFF746
S3150800C9B0E5FF00BFFDE780B586B000AFF860B96057
S3150800C9C07A6000237B610AE0AFF300800146BB680A
S3150800C9D05A1CBA60CAB21A707B6901337B617A69DC
S3150800C9E07B689A42F0DB7B6818461837BD4680BDDF
S3150800C9F080B586B000AFF860B9607A6000237B61C5
S3150800CA0009E0BB685A1CBA601B781846AFF3008069
S3150800CA107B6901337B617A697B689A42F1DB7B68C3
S3150800CA2018461837BD4680BD80B483B000AF78601D
S3150800CA304FF0FF3318460C37BD465DF8047B704748
S3150800CA4080B483B000AF786039603B684FF4005219
S3150800CA505A60002318460C37BD465DF8047B7047BC
S3150800CA6080B483B000AF7860012318460C37BD4602
S3150800CA705DF8047B704780B485B000AFF860B96094
S3150800CA807A60002318461437BD465DF8047B704764
S3150800CA9080B487B000AF7860144A154BD31A7B610F
S3150800CAA07B693B61134B1B68002B02D1114B124A61
S3150800CAB01A60104B1A687B6813443A699A4205D281
S3150800CAC00E4B0C221A604FF0FF3309E0094B1B6826
S3150800CAD0FB60084B1A687B681344064A1360FB68B8
S3150800CAE018461C37BD465DF8047B704700000220D7
S3150800CAF000040000F4000020C0C20020B0C20020DC
S3150800CB0080B400AF064BD3F88830054A43F4700367
S3150800CB10C2F8883000BFBD465DF8047B704700BF89
S3150800CB2000ED00E0DFF834D0FFF7EAFF0C480D49C6
S3150800CB300D4A002302E0D458C4500433C4188C426A
S3150800CB40F9D30A4A0A4C002301E013600432A242D0
S3150800CB50FBD311F0BDFCFFF711FD70470000022062
S3150800CB60000000208C000020FC1E02088C0000201B
S3150800CB70C0C20020FEE780B483B000AF7860396099
S3150800CB807B68002B0BD03B68DB68002B07D03B6823
S3150800CB909B68002B03D03B681B69002B02D14FF022
S3150800CBA0FF3314E03B681A687B689A603B685A68EA
S3150800CBB07B68DA603B68DA687B685A613B689A6822
S3150800CBC07B681A613B681A697B689A610023184674
S3150800CBD00C37BD465DF8047B704780B586B000AF5C
S3150800CBE078600023FB6000237B6100233B617B6840
S3150800CBF05B68002B39D17B689B68002B02D07B6869
S3150800CC009B6898477B6820221A6000237B611CE09A
S3150800CC107B685B6907F10C0212217869984703461D
S3150800CC20002B03DA6FF004033B610BE0FB6803F0AB
S3150800CC301F037A699A4205D17B687A691A600023CC
S3150800CC403B6105E07B6901337B617B691F2BDFD97B
S3150800CC507B681B681F2B02D96FF002033B613B6997
S3150800CC60002B02D17B6801225A603B6918461837A7
S3150800CC70BD4680BD80B584B000AF78600023FB60F8
S3150800CC807B685B697A68106807F10C02012198478E
S3150800CC900346002B02DA6FF004036EE07B685B69DB
S3150800CCA07A68106807F10C02012198470346002BA1
S3150800CCB002DA6FF0040360E0FB6803F00403002B5C
S3150800CCC001D1012359E07B685B697A68106807F12E
S3150800CCD00C02002198470346002B02DA6FF0040382
S3150800CCE04BE0FB6803F48053002B1BD1FB6803F46D
S3150800CCF00053002B06D0FB6803F48073002B01D089
S3150800CD0002233AE0FB6803F40053002B01D0032307
S3150800CD1033E0FB6803F48073002B01D004232CE076
S3150800CD2005232AE07B685B697A68106807F10C02BC
S3150800CD301F2198470346002B02DA6FF004031CE014
S3150800CD40FB6803F48053002B01D1062315E0FB682A
S3150800CD5003F01C03182B01D102230EE0FB6803F035
S3150800CD601C03082B01D1032307E0FB6803F01C030F
S3150800CD70142B01D1042300E0052318461037BD46BD
S3150800CD8080BD000080B500AF0E4B1B680D4A43F40A
S3150800CD90007313600B4B1B680A4A43F480631360E5
S3150800CDA0084B1B68074A43F480731360032000F09E
S3150800CDB0FCF80F20FFF736FDFFF708FD002318469D
S3150800CDC080BD00BF003C024080B400AF064B1B7814
S3150800CDD01A46064B1B681344044A136000BFBD4637
S3150800CDE05DF8047B704700BF08000020F8000020AB
S3150800CDF080B400AF034B1B681846BD465DF8047B3C
S3150800CE00704700BFF800002080B584B000AF786096
S3150800CE10FFF7EEFFB8607B68FB60FB68B3F1FF3F86
S3150800CE2005D00A4B1B781A46FB681344FB6000BF03
S3150800CE30FFF7DEFF0246BB68D31AFA689A42F7D8AC
S3150800CE4000BF00BF1037BD4680BD00BF08000020E8
S3150800CE5080B485B000AF78607B6803F00703FB6099
S3150800CE600C4BDB68BB60BA684FF6FF031340BB6028
S3150800CE70FB681A02BB68134343F0BF6343F40033ED
S3150800CE80BB60044ABB68D36000BF1437BD465DF873
S3150800CE90047B704700ED00E080B400AF044BDB680C
S3150800CEA01B0A03F007031846BD465DF8047B704766
S3150800CEB000ED00E080B483B000AF0346FB7197F93C
S3150800CEC00730002B0BDBFB7903F01F02074997F9A4
S3150800CED007305B09012000FA02F241F8232000BF5F
S3150800CEE00C37BD465DF8047B704700BF00E100E0E3
S3150800CEF080B483B000AF03463960FB7197F90730F9
S3150800CF00002B0ADB3B68DAB20C4997F907301201A5
S3150800CF10D2B20B4483F800230AE03B68DAB2084928
S3150800CF20FB7903F00F03043B1201D2B20B441A76C5
S3150800CF3000BF0C37BD465DF8047B704700E100E092
S3150800CF4000ED00E080B489B000AFF860B9607A609F
S3150800CF50FB6803F00703FB61FB69C3F10703042BB6
S3150800CF6028BF0423BB61FB690433062B02D9FB697E
S3150800CF70033B00E000237B614FF0FF32BB6902FAF6
S3150800CF8003F3DA43BB681A407B699A404FF0FF31D6
S3150800CF907B6901FA03F3D9437B680B4013431846B0
S3150800CFA02437BD465DF8047B704780B582B000AF74
S3150800CFB078607868FFF74CFF00BF0837BD4680BD2C
S3150800CFC080B586B000AF0346B9607A60FB7300236C
S3150800CFD07B61FFF761FF78617A68B9687869FFF75E
S3150800CFE0B1FF024697F90F3011461846FFF780FF42
S3150800CFF000BF1837BD4680BD80B582B000AF034676
S3150800D000FB7197F907301846FFF754FF00BF08373A
S3150800D010BD4680BD80B584B000AF78607B68002BC4
S3150800D02001D101238AE07B68D3F88430002B06D12E
S3150800D0307B682022C3F88420786802F051FF002319
S3150800D040BB60404B5B6C3F4A43F4804353643D4BA3
S3150800D0505B6C03F48043BB60BB683B4B5B683A4A36
S3150800D06023F400035360384B5A687B689B6836493B
S3150800D07013434B60344B5B687B681B6803F580532E
S3150800D0801B687A68126843F0010302F58052136040
S3150800D090FFF7AEFEF86011E0FFF7AAFE0246FB684E
S3150800D0A0D31AB3F5FA7F09D97B680422C3F8882016
S3150800D0B07B68E022C3F8842001233FE07B681B6875
S3150800D0C003F580531B6803F00103002BE4D178684D
S3150800D0D000F05AFF786801F005F8786801F05BF807
S3150800D0E07B685B681A460021786800F0C3FF7B6896
S3150800D0F01B68DA6B7B681B6842F40272DA637B682A
S3150800D1001B68D3F80C317A68126843F4003343F08D
S3150800D1106003C2F80C317B681B68D3F810217B6862
S3150800D1201B6842F40312C3F810217B680022C3F877
S3150800D13088207B681022C3F88420002318461037FD
S3150800D140BD4680BD003802400038014080B584B035
S3150800D15000AF78607B68D3F88430102B61D17B6888
S3150800D1602022C3F884207B6801229A657B68042202
S3150800D170DA66786800F0F4F97B681B681B68FB6060
S3150800D1800120FFF741FE7B681B68FA681A607B6816
S3150800D1901B6803F580539B697A68126843F4005349
S3150800D1A002F5805293617B681B6803F580539B697F
S3150800D1B07A68126843F0020302F580529361786830
S3150800D1C000F07EFD7B681B681A687B681B6842F066
S3150800D1D008021A607B681B681B68FB600120FFF762
S3150800D1E013FE7B681B68FA681A607B681B681A68F6
S3150800D1F07B681B6842F004021A607B681B6803F5AB
S3150800D2008053DB697A68126843F4D03343F0C1036C
S3150800D21002F58052D3617B684022C3F8842000233C
S3150800D22000E0012318461037BD4680BD80B586B09C
S3150800D23000AF78607B68D3F88430402B70D17B6868
S3150800D2402022C3F884207B681B6803F58053DB69BA
S3150800D2507A68126823F4D03323F0C10302F58052AA
S3150800D260D3617B681B6803F580539B697A681268EB
S3150800D27023F4005302F5805293617B681B6803F51B
S3150800D28080539B697A68126823F0020302F580527C
S3150800D29093617B681B681A687B681B6822F0040226
S3150800D2A01A607B681B681B683B610120FFF7ACFDB1
S3150800D2B07B681B683A691A60786800F001FD7B682C
S3150800D2C01B681A687B681B6822F008021A607B686C
S3150800D2D01B681B683B610120FFF796FD7B681B688E
S3150800D2E03A691A6000237B610EE07B687A6912321C
S3150800D2F053F82230FB60FB685B6843F00042FB682A
S3150800D3005A607B6901337B617B69032BEDD97B68A6
S3150800D31000229A657B681022C3F88420002300E067
S3150800D320012318461837BD4680BD80B582B000AFC8
S3150800D330786039603B68002B09D17B68D3F8883060
S3150800D34043F001027B68C3F88820012345E07B6827
S3150800D350D3F88430402B3FD13B685A6B7B68DA633D
S3150800D36001223968786800F085FF0346002B09D04A
S3150800D3707B68D3F8883043F002027B68C3F88820BC
S3150800D38001232AE0BFF34F8F00BF7B689B6A5A1CB4
S3150800D3907B689A627B689B6A032B04D97B689B6AC5
S3150800D3A01A1F7B689A627B681B6803F580535B6962
S3150800D3B003F00403002B0DD07B681B6803F580532C
S3150800D3C01A46042353617B681B6803F580531A4683
S3150800D3D000235360002300E0012318460837BD46A2
S3150800D3E080BD80B588B000AF7860396000237B6166
S3150800D3F00023FB743B68002B09D17B68D3F888307F
S3150800D40043F001027B68C3F888200123A4E07B6807
S3150800D410D3F88430402B01D001239DE07B68DB6D77
S3150800D420FB617B68FA69123253F82230BB617B686C
S3150800D430DB6EC3F10403FB6066E0BB691B6803F49B
S3150800D4408073002B07D0BB69DA697B689A67BB696A
S3150800D4509A697B685A67BB691B6803F40073002BDB
S3150800D46003D17B68DB6F002B3CD0BB691B6803F4D8
S3150800D4700073002B05D07B6800221A667B680022A1
S3150800D4805A66BB691B681B0CC3F30D03BB60BB69FB
S3150800D4901B6803F48073002B05D0BB691A687B6888
S3150800D4A01A670123FB74BB699A68BB691A627B68B1
S3150800D4B003F17C007B6803F18001BB691B6A1A468D
S3150800D4C0BB689BB202F0C6FE7B681B6E5A1C7B6863
S3150800D4D01A667B685A6EBB681A447B685A66BB69CB
S3150800D4E000221A62FB690133FB61FB69032B02D92F
S3150800D4F0FB69043BFB617B68FA69123253F82230F8
S3150800D500BB617B6901337B61BB691B68002B06DB4A
S3150800D5107A69FB689A4202D2FB7C002B8DD07B6825
S3150800D520DA6E7B691A447B68DA667B68DB6E002BE9
S3150800D53002D0786800F014F87B68FA69DA65FB7C33
S3150800D540012B08D17B68DA6F3B681A607B6800227A
S3150800D550DA67002300E0012318462037BD4680BD60
S3150800D56080B588B000AF78600023BB600123FB74E8
S3150800D5707B689B6EFB617B68FA69123253F822302E
S3150800D5807B617B68DB6EBB6144E07B691B6A002BB1
S3150800D59012D107F10803184602F02CFEBB68002BCF
S3150800D5A002D10023FB7407E0BB681A467B691A623E
S3150800D5B0BB681A467B699A60FB7C002B2AD07B687D
S3150800D5C09B6D002B08D17B685B6943F0004343F4ED
S3150800D5D080437A69536005E07B685B6943F480425F
S3150800D5E07B695A607B691B6843F000427B691A6055
S3150800D5F0FB690133FB61FB69032B02D9FB69043B19
S3150800D600FB617B68FA69123253F822307B61BB6989
S3150800D610013BBB61BB69002B02D0FB7C002BB4D15C
S3150800D6207B68DB6EBA699A421AD0FB69033303F04A
S3150800D6300303FB60BFF35F8F00BF7B681969FA6855
S3150800D64013469B001344DB00CA187B681B6803F566
S3150800D65080539A607B68FA699A667B68BA69DA6663
S3150800D66000BF2037BD4680BD80B586B000AF786064
S3150800D6707B681833BB60BB689B6A7B61BB68DB6AE7
S3150800D6803B610123FB7347E00123BB737B69013BC5
S3150800D6907B61BA683B6904339B0013445B68002BC3
S3150800D6A00AD13B6901333B613B69032B02D93B69CC
S3150800D6B0043B3B610023BB73BB7B002B2CD07B68F0
S3150800D6C0D9683A6913469B001344DB000B441B6870
S3150800D6D0002B1FDBBA683B6904339B0013445B6865
S3150800D6E0184602F0F7FDBA683B6904339B001344F9
S3150800D6F000225A603B6901333B613B69032B02D91F
S3150800D7003B69043B3B61BB687A699A62BB683A69C4
S3150800D710DA6201E00023FB737B69002B02D0FB7BF6
S3150800D720002BB1D1002318461837BD4680BD00002E
S3150800D73080B586B000AF78607B681B689B6B7B61A1
S3150800D7407B681B6803F580535B693B617B681B68D4
S3150800D75003F58053DB69FB604B4B5B69BB603B6938
S3150800D76003F04003002B0ED0FB6803F04003002BA8
S3150800D77009D07B681B6803F580531A46434B5361EF
S3150800D780786802F0EDF83B6903F00103002B0FD02F
S3150800D790FB6803F00103002B0AD07B681B6803F5BE
S3150800D7A080531A464FF001135361786802F0E8F87F
S3150800D7B03B6903F40043002B42D0FB6803F40043A3
S3150800D7C0002B3DD07B68D3F8883043F008027B688D
S3150800D7D0C3F888203B6903F40053002B1AD07B68F2
S3150800D7E01B6803F580535A69294B13407A68C2F8B7
S3150800D7F08C307B681B6803F58053DB697A6812688E
S3150800D80023F4C03302F58052D3617B68E022C3F863
S3150800D810842012E07B681B6803F580535A6948F236
S3150800D820806313407A68C2F88C307B681B6803F5FE
S3150800D83080531A4648F280635361786802F0B0F85C
S3150800D8407B6903F00803002B0ED07B681B68DB6A34
S3150800D85003F060027B68C3F89420786800F01AF831
S3150800D8607B680022C3F89420BB6803F40023002BCE
S3150800D87006D0054B4FF400225A61786800F014F878
S3150800D88000BF1837BD4680BD003C0140400001007E
S3150800D89000207E0080B483B000AF786000BF0C37EC
S3150800D8A0BD465DF8047B704780B483B000AF7860EE
S3150800D8B000BF0C37BD465DF8047B704780B586B05F
S3150800D8C000AFF860B9607A603B60FB681B681B694B
S3150800D8D07B617B6903F01C037B61BB68DB029BB23F
S3150800D8E07A6913437B617B689B0103F4F8637A6961
S3150800D8F013437B617B6923F002037B617B6943F0F9
S3150800D90001037B61FB681B687A691A61FFF770FA85
S3150800D91038610DE0FFF76CFA02463B69D31AB3F596
S3150800D920803F01D3012310E0FB681B681B697B61FC
S3150800D9307B6903F00103002BECD1FB681B685B696C
S3150800D9409BB21A463B681A60002318461837BD462C
S3150800D95080BD80B586B000AFF860B9607A603B607C
S3150800D960FB681B681B697B617B6903F01C037B6191
S3150800D970BB68DB029BB27A6913437B617B689B01B8
S3150800D98003F4F8637A6913437B617B6943F0020306
S3150800D9907B617B6943F001037B613B689AB2FB6854
S3150800D9A01B685A61FB681B687A691A61FFF720FAD7
S3150800D9B038610DE0FFF71CFA02463B69D31AB3F546
S3150800D9C0803F01D3012309E0FB681B681B697B6163
S3150800D9D07B6903F00103002BECD1002318461837A6
S3150800D9E0BD4680BD80B483B000AF786039603B68BF
S3150800D9F0002B01D10123E6E07B681B681B6803F056
S3150800DA001003002B14BF01230023DBB21A463B6820
S3150800DA1083F828207B681B681B6803F060023B6854
S3150800DA205A627B681B681B6803F40073002B0CBFE3
S3150800DA3001230023DBB21A463B6883F820207B6863
S3150800DA401B681B6803F48033002B14BF01230023D3
S3150800DA50DBB21A463B68DA777B681B681B6803F4F7
S3150800DA600053002B0CBF01230023DBB21A463B6888
S3150800DA709A777B681B681B6803F48053002B14BFD6
S3150800DA8001230023DBB21A463B681A777B681B68BA
S3150800DA901B6803F400623B689A617B681B681B6815
S3150800DAA003F480423B685A617B681B681B6803F471
S3150800DAB08003002B0CBF01230023DBB21A463B6808
S3150800DAC05A747B681B681B6803F40003002B0CBFA1
S3150800DAD001230023DBB21A463B681A747B681B686D
S3150800DAE01B6803F08003002B14BF01230023DBB25D
S3150800DAF01A463B68DA737B681B681B6803F4602266
S3150800DB003B689A607B681B681B6803F48063002B7C
S3150800DB1014BF01230023DBB21A463B681A717B68DF
S3150800DB201B681B6803F00073002B14BF0123002336
S3150800DB30DBB21A463B689A737B681B689B6903F0DD
S3150800DB400203002B14BF01230023DBB21A463B68ED
S3150800DB5083F854207B681B689B6903F08003002BBD
S3150800DB600CBF01230023DBB21A463B6883F84C201E
S3150800DB707B681B689B6903F030023B681A657B6803
S3150800DB801B689B691B0C9AB23B689A647B681B6886
S3150800DB909B6903F00403002B14BF01230023DBB2A7
S3150800DBA01A463B6883F856207B681B689B6903F016
S3150800DBB00803002B14BF01230023DBB21A463B6877
S3150800DBC083F85520002318460C37BD465DF8047BBC
S3150800DBD0704780B582B000AF786039603B68002B2B
S3150800DBE001D101230BE07B68D3F88430102B05D1D3
S3150800DBF03968786800F08AF8002300E0012318469F
S3150800DC000837BD4680BD000080B584B000AF786097
S3150800DC107B681B681B69FB60FB6823F01C03FB60C1
S3150800DC2001F064FAB860BB68144A934204D8FB68EA
S3150800DC3043F00803FB6019E0BB68114A934204D21B
S3150800DC40FB6843F00C03FB6010E0BB680D4A934287
S3150800DC500CD9BB680C4A934204D8FB6843F004030A
S3150800DC60FB6003E0FB6843F01003FB607B681B68FE
S3150800DC70FA681A6100BF1037BD4680BDBF0E16028E
S3150800DC8000879303FFE0F5057FD1F00880B483B0E1
S3150800DC9000AF78607B68D3F8883018460C37BD46E5
S3150800DCA05DF8047B704780B483B000AF78607B680A
S3150800DCB0D3F88C3018460C37BD465DF8047B7047A0
S3150800DCC080B584B000AF78600023FB607B681B6872
S3150800DCD003F580539B697A68126843F4801302F54A
S3150800DCE0805293617B681B6803F580539B69FB60D0
S3150800DCF00120FFF789F87B681A68FB6802F58052ED
S3150800DD00936100BF1037BD4680BD000080B584B062
S3150800DD1000AF786039607B681B681B68FB60FA682F
S3150800DD20534B1340FB603B689B7B5B063A68127C4F
S3150800DD30002A02D14FF4000200E0002213433A6899
S3150800DD40527C002A02D14FF4800200E000221A43D6
S3150800DD503B689B681A433B68DB7F1B041A433B6896
S3150800DD605B6913433A68927F002A02D14FF4005246
S3150800DD7000E000221A433B681B7F1B031A433B68DB
S3150800DD809B691A433B681B799B0213433A6892F8CE
S3150800DD902020002A02D14FF4007200E000221A4324
S3150800DDA03B68DB7BDB011A433B685B6A1A433B68CB
S3150800DDB093F828301B011343FA681343FB607B680A
S3150800DDC01B68FA681A607B681B681B68FB60012081
S3150800DDD0FFF71AF87B681B68FA681A607B681B6885
S3150800DDE09B69FB60FA684FF641731340FB603B681A
S3150800DDF09B6C1B043A6892F84C20002A01D18022B9
S3150800DE0000E000221A433B681B6D13433A6892F8F8
S3150800DE105520012A01D1082200E0002213433A685E
S3150800DE2092F85620012A01D1042200E00022134369
S3150800DE303A6892F85420012A01D1022200E0002211
S3150800DE401343FA681343FB607B681B68FA689A6198
S3150800DE507B681B689B69FB600120FEF7D5FF7B6822
S3150800DE601B68FA689A6100BF1037BD4680BD00BFBF
S3150800DE700F8120FD80B584B000AF786039607B687B
S3150800DE801B6803F580539B69FB60FA683D4B13409A
S3150800DE90FB603B681B7B002B02D14FF0806200E0E1
S3150800DEA000223B685B7B5B0613433A68527F002A75
S3150800DEB002D14FF4801200E000221A433B689B7B94
S3150800DEC05B051A433B685B691A433B681B7FDB01AA
S3150800DED01A433B689B7F9B011A433B681B6A1A439C
S3150800DEE03B6893F824309B001343FA681343FB609E
S3150800DEF07B681B6803F580531A46FB6893617B6849
S3150800DF001B6803F580539B69FB600120FEF77CFFC5
S3150800DF107B681B6803F580531A46FB6893613B6868
S3150800DF201B795A063B689B681A433B689B691A43E8
S3150800DF303B681B691A433B6893F82530DB011A4393
S3150800DF403B689B6A9B001A433B681B6813437A68C5
S3150800DF50126843F4000302F5805213607B681B685D
S3150800DF6003F580531B68FB600120FEF74DFF7B68B5
S3150800DF701B6803F580531A46FB68136000BF103709
S3150800DF80BD4680BD233FDEF880B5A6B000AF7860F9
S3150800DF90012387F84430012387F845300023FB63C3
S3150800DFA0002387F85330012387F85230002387F877
S3150800DFB05030012387F84230012387F83830002390
S3150800DFC087F85430002387F843300023BB650023C5
S3150800DFD087F85C300023FB67002387F8803000232E
S3150800DFE0C7F88430002387F88A30002387F88830FA
S3150800DFF04FF48043BB644FF40063FB64002387F847
S3150800E000893007F1340319467868FFF77FFE012344
S3150800E0103B7501237B75012387F825300123BB75E2
S3150800E0200023FB61002387F82430002387F8263075
S3150800E0300023BB62012387F82C3001233B734FF47E
S3150800E04080333B614FF480033B624FF40053BB615E
S3150800E050012387F82D3000233B630023BB6007F1BB
S3150800E060080319467868FFF705FF00BF9837BD46CD
S3150800E07080BD000080B487B000AFF860B9607A60F0
S3150800E0807B6805331B781B027A68043212781343BF
S3150800E0907B61BA68114B13441A467B6913607B6827
S3150800E0A003331B781A067B6802331B781B041A4352
S3150800E0B07B6801331B781B0213437A681278134373
S3150800E0C07B61BA68064B13441A467B69136000BF26
S3150800E0D01C37BD465DF8047B704700BF4080024090
S3150800E0E04480024080B485B000AF78600023FB60AE
S3150800E0F03EE07B68D968FA6813469B001344DB0048
S3150800E1000B44BB60BB6800221A60BB6800225A60D9
S3150800E110BB6800229A60BB680022DA60B9687B682F
S3150800E120FA68063243F82210BB681B6843F480126B
S3150800E130BB681A60FB68022B0CD87B68D968FB6839
S3150800E1405A1C13469B001344DB000B441A46BB6853
S3150800E150DA6004E07B68DB681A46BB68DA60BB688D
S3150800E1601B6843F44002BB681A60FB680133FB6016
S3150800E170FB68032BBDD97B6800229A627B68DA6844
S3150800E1807B681B6803F580531A6100BF1437BD46C8
S3150800E1905DF8047B704780B485B000AF78600023D3
S3150800E1A0FB6048E07B681969FA6813469B001344CC
S3150800E1B0DB000B44BB60BB6800221A60BB68002208
S3150800E1C05A60BB6800229A60BB680022DA60BB68A6
S3150800E1D000221A62BB6800225A62BB684FF00042EE
S3150800E1E01A607B685B6943F48042BB685A60BB6807
S3150800E1F05B6823F00042BB685A60B9687B68FA68B6
S3150800E200123243F82210FB68022B0CD87B68196976
S3150800E210FB685A1C13469B001344DB000B441A4642
S3150800E220BB68DA6004E07B681B691A46BB68DA607B
S3150800E230FB680133FB60FB68032BB3D97B680022BC
S3150800E240DA657B6800221A667B6800229A667B6814
S3150800E2500022DA667B6800229A657B681A697B6801
S3150800E2601B6803F58053DA6000BF1437BD465DF8B6
S3150800E270047B704780B491B000AFF860B9607A60EB
S3150800E280FB6818337B627B6A1B69FB637B6A1B69C5
S3150800E2903B6200237B637B6AFA6B53F822303B634D
S3150800E2A0BB689B68FB620023BB623B6B1B6803F081
S3150800E2B00043B3F1004F07D07A6AFB6B04339B0027
S3150800E2C013445B68002B01D0022315E17B6B0133F5
S3150800E2D07B63FB6A1B681A463B6B9A603B6B5B6801
S3150800E2E023F4FF5323F01F03FA6A52681A433B6B61
S3150800E2F05A60BB681B6803F00103002B08D03B6B10
S3150800E3001B6823F44002BB685B691A433B6B1A60BF
S3150800E310BB681B6803F02003002B08D03B6B1B6807
S3150800E32023F04062BB681B691A433B6B1A60BB68E3
S3150800E3301B6803F00403002B05D03B6B1B6843F0F6
S3150800E34080023B6B1A603B6B1B6843F080523B6B49
S3150800E3501A6084E03B6B1B6823F000523B6B1A6023
S3150800E3607B68002B06D03B6B1B6843F080423B6BF7
S3150800E3701A6005E03B6B1B6823F080423B6B1A6012
S3150800E380FB6B0133FB63FB6B032B02D9FB6B043B73
S3150800E390FB637B6AFA6B53F822303B633B6B1B6863
S3150800E3A003F00043B3F1004F07D07A6AFB6B0433DE
S3150800E3B09B0013445B68002B29D03B6AFB637B6A8E
S3150800E3C0FA6B53F822303B630023BB6319E0BFF3B3
S3150800E3D05F8F00BF3B6B1B6823F000423B6B1A60E4
S3150800E3E0FB6B0133FB63FB6B032B02D9FB6B043B13
S3150800E3F0FB637B6AFA6B53F822303B63BB6B0133D2
S3150800E400BB63BA6B7B6B9A42E1D3022374E03B6B26
S3150800E4101B6823F080523B6B1A607B6B01337B636E
S3150800E420FB6A9B68FB62FB6A1B681A463B6B9A6031
S3150800E4303B6B5B6823F4FF5323F01F03FA6A5268A9
S3150800E4401A433B6B5A60BB6A0133BB62BFF35F8FEB
S3150800E45000BF3B6B1B6843F000423B6B1A60FB6ACC
S3150800E4609B68002B7FF476AF7B68002B06D03B6B4E
S3150800E4701B6843F080423B6B1A6005E03B6B1B68E8
S3150800E48023F080423B6B1A603B6B1B6843F00052DB
S3150800E4903B6B1A607B6A3A6A53F822303B63BFF3D8
S3150800E4A05F8F00BF3B6B1B6843F000423B6B1A60F3
S3150800E4B07B6A5A6A796AFB6B04339B000B445A6081
S3150800E4C07B6AFA6B1A61EFF310833B613B69FB6168
S3150800E4D001237B617B6983F3108800BF7B6A9A6A94
S3150800E4E0BB6A13445A1C7B6A9A62FB69BB61BB69A7
S3150800E4F083F3108800BF002318464437BD465DF8ED
S3150800E500047B704780B489B000AF78603960002317
S3150800E5107B6100233B610023BB610023FB616BE148
S3150800E5200122FB6902FA03F37B613B681B687A697F
S3150800E53013403B613A697B699A4240F05A813B68CD
S3150800E5405B6803F00303012B05D03B685B6803F0A7
S3150800E5500303022B30D17B689B68BB61FB695B00B8
S3150800E560032202FA03F3DB43BA691340BB613B6833
S3150800E570DA68FB695B0002FA03F3BA691343BB6105
S3150800E5807B68BA699A607B685B68BB610122FB6934
S3150800E59002FA03F3DB43BA691340BB613B685B6865
S3150800E5A01B0903F00102FB6902FA03F3BA69134374
S3150800E5B0BB617B68BA695A603B685B6803F0030312
S3150800E5C0032B17D07B68DB68BB61FB695B00032202
S3150800E5D002FA03F3DB43BA691340BB613B689A68E6
S3150800E5E0FB695B0002FA03F3BA691343BB617B68F4
S3150800E5F0BA69DA603B685B6803F00303022B23D130
S3150800E600FB69DA087B68083253F82230BB61FB697C
S3150800E61003F007039B000F2202FA03F3DB43BA69F0
S3150800E6201340BB613B681A69FB6903F007039B004B
S3150800E63002FA03F3BA691343BB61FB69DA087B681C
S3150800E6400832B96943F822107B681B68BB61FB690D
S3150800E6505B00032202FA03F3DB43BA691340BB618A
S3150800E6603B685B6803F00302FB695B0002FA03F38D
S3150800E670BA691343BB617B68BA691A603B685B6811
S3150800E68003F44033002B00F0B4800023FB60604B9A
S3150800E6905B6C5F4A43F4804353645D4B5B6C03F4E5
S3150800E6A08043FB60FB685B4AFB699B08023352F8B0
S3150800E6B02330BB61FB6903F003039B000F2202FAB8
S3150800E6C003F3DB43BA691340BB617B68524A934242
S3150800E6D02BD07B68514A934225D07B68504A934297
S3150800E6E01FD07B684F4A934219D07B684E4A9342A3
S3150800E6F013D07B684D4A93420DD07B684C4A9342AF
S3150800E70007D07B684B4A934201D107230EE00823C2
S3150800E7100CE006230AE0052308E0042306E00323A9
S3150800E72004E0022302E0012300E00023FA6902F074
S3150800E730030292009340BA691343BB613549FB69EA
S3150800E7409B080233BA6941F823203B4B9B68BB619F
S3150800E7503B69DB43BA691340BB613B685B6803F4FA
S3150800E7608013002B03D0BA693B691343BB61324A55
S3150800E770BB699360304BDB68BB613B69DB43BA69B5
S3150800E7801340BB613B685B6803F40013002B03D09E
S3150800E790BA693B691343BB61274ABB69D360264BF9
S3150800E7A05B68BB613B69DB43BA691340BB613B6885
S3150800E7B05B6803F40033002B03D0BA693B69134343
S3150800E7C0BB611D4ABB6953601B4B1B68BB613B6938
S3150800E7D0DB43BA691340BB613B685B6803F480336B
S3150800E7E0002B03D0BA693B691343BB61124ABB6964
S3150800E7F01360FB690133FB61FB690F2B7FF690AE53
S3150800E80000BF00BF2437BD465DF8047B704700BFD4
S3150800E810003802400038014000000240000402406F
S3150800E82000080240000C024000100240001402409A
S3150800E83000180240001C0240003C014080B483B02E
S3150800E84000AF78600B467B8013467B707B78002B85
S3150800E85003D07A887B689A6103E07B881A047B6810
S3150800E8609A6100BF0C37BD465DF8047B704780B4DB
S3150800E87085B000AF78600B467B807B685B69FB6080
S3150800E8807A88FB6813401A04FB68D9437B880B40D7
S3150800E8901A437B689A6100BF1437BD465DF8047B4E
S3150800E8A07047000080B586B000AF78607B68002BA3
S3150800E8B001D1012367E27B681B6803F00103002B83
S3150800E8C075D0884B9B6803F00C03042B0CD0854B42
S3150800E8D09B6803F00C03082B12D1824B5B6803F488
S3150800E8E08003B3F5800F0BD17E4B1B6803F400330E
S3150800E8F0002B5BD07B685B68002B57D1012342E273
S3150800E9007B685B68B3F5803F06D1764B1B68754A12
S3150800E91043F4803313601DE07B685B68B3F5A02F72
S3150800E9200CD1704B1B686F4A43F4802313606D4B00
S3150800E9301B686C4A43F4803313600BE0694B1B6811
S3150800E940684A23F480331360664B1B68654A23F4D0
S3150800E950802313607B685B68002B13D0FEF748FAA8
S3150800E960386108E0FEF744FA02463B69D31A642B7D
S3150800E97001D9032307E25B4B1B6803F40033002B22
S3150800E980F0D014E0FEF734FA386108E0FEF730FA02
S3150800E99002463B69D31A642B01D90323F3E1514B91
S3150800E9A01B6803F40033002BF0D100E000BF7B683E
S3150800E9B01B6803F00203002B63D04A4B9B6803F0E5
S3150800E9C00C03002B0BD0474B9B6803F00C03082B5A
S3150800E9D01CD1444B5B6803F48003002B16D1414BD2
S3150800E9E01B6803F00203002B05D07B68DB68012B4C
S3150800E9F001D00123C7E13B4B1B6823F0F8027B6873
S3150800EA001B69DB00374913430B603AE07B68DB6818
S3150800EA10002B20D0344B01221A60FEF7E9F9386141
S3150800EA2008E0FEF7E5F902463B69D31A022B01D93D
S3150800EA300323A8E12B4B1B6803F00203002BF0D03D
S3150800EA40284B1B6823F0F8027B681B69DB00254905
S3150800EA5013430B6015E0244B00221A60FEF7C8F931
S3150800EA60386108E0FEF7C4F902463B69D31A022B5F
S3150800EA7001D9032387E11B4B1B6803F00203002B14
S3150800EA80F0D17B681B6803F00803002B36D07B683F
S3150800EA905B69002B16D0154B01221A60FEF7A8F900
S3150800EAA0386108E0FEF7A4F902463B69D31A022B3F
S3150800EAB001D9032367E10B4B5B6F03F00203002BBD
S3150800EAC0F0D01BE0094B00221A60FEF791F9386175
S3150800EAD00EE0FEF78DF902463B69D31A022B07D9D9
S3150800EAE0032350E10038024000004742800E4742A7
S3150800EAF0884B5B6F03F00203002BEAD17B681B6827
S3150800EB0003F00403002B00F097800023FB75814B6C
S3150800EB101B6C03F08053002B0FD10023BB607D4B89
S3150800EB201B6C7C4A43F0805313647A4B1B6C03F0CE
S3150800EB308053BB60BB680123FB75774B1B6803F4E6
S3150800EB408073002B18D1744B1B68734A43F4807387
S3150800EB501360FEF74DF9386108E0FEF749F90246F9
S3150800EB603B69D31A022B01D903230CE16A4B1B68B4
S3150800EB7003F48073002BF0D07B689B68012B06D1C9
S3150800EB80644B1B6F634A43F0010313671CE07B6801
S3150800EB909B68052B0CD15F4B1B6F5E4A43F0040341
S3150800EBA013675C4B1B6F5B4A43F0010313670BE06B
S3150800EBB0584B1B6F574A23F001031367554B1B6FBE
S3150800EBC0544A23F0040313677B689B68002B15D00F
S3150800EBD0FEF70EF938610AE0FEF70AF902463B69C4
S3150800EBE0D31A41F28832934201D90323CBE0494B29
S3150800EBF01B6F03F00203002BEED014E0FEF7F8F8C3
S3150800EC0038610AE0FEF7F4F802463B69D31A41F286
S3150800EC108832934201D90323B5E03E4B1B6F03F0BC
S3150800EC200203002BEED1FB7D012B05D1394B1B6C62
S3150800EC30384A23F0805313647B689B69002B00F0E5
S3150800EC40A180344B9B6803F00C03082B5CD07B68CF
S3150800EC509B69022B41D1314B00221A60FEF7C8F896
S3150800EC60386108E0FEF7C4F802463B69D31A022B5E
S3150800EC7001D9032387E0274B1B6803F00073002B99
S3150800EC80F0D17B68DA697B681B6A1A437B685B6A22
S3150800EC909B011A437B689B6A5B08013B1B041A436A
S3150800ECA07B68DB6A1B061B4913434B601B4B01221F
S3150800ECB01A60FEF79DF8386108E0FEF799F80246F3
S3150800ECC03B69D31A022B01D903235CE0114B1B685D
S3150800ECD003F00073002BF0D054E0104B00221A60AA
S3150800ECE0FEF786F8386108E0FEF782F802463B69C7
S3150800ECF0D31A022B01D9032345E0064B1B6803F000
S3150800ED000073002BF0D13DE07B689B69012B07D18E
S3150800ED10012338E000380240007000406000474296
S3150800ED201B4B5B68FB607B689B69012B28D0FB68E3
S3150800ED3003F480027B68DB699A4221D1FB6803F001
S3150800ED403F027B681B6A9A421AD1FA6847F6C07373
S3150800ED5013407A68526A9201934211D1FB6803F410
S3150800ED6040327B689B6A5B08013B1B049A4207D1C9
S3150800ED70FB6803F070627B68DB6A1B069A4201D067
S3150800ED80012300E0002318461837BD4680BD00BFA2
S3150800ED900038024080B584B000AF786039607B687F
S3150800EDA0002B01D10123CCE0684B1B6803F0070355
S3150800EDB03A689A420CD9654B3A68D2B21A70634BD4
S3150800EDC01B6803F007033A689A4201D00123B8E0AA
S3150800EDD07B681B6803F00203002B20D07B681B6846
S3150800EDE003F00403002B05D0594B9B68584A43F49B
S3150800EDF0E05393607B681B6803F00803002B05D07B
S3150800EE00534B9B68524A43F460439360504B9B684C
S3150800EE1023F0F0027B689B684D4913438B607B683F
S3150800EE201B6803F00103002B44D07B685B68012B49
S3150800EE3007D1474B1B6803F40033002B19D1012374
S3150800EE407FE07B685B68022B03D07B685B68032BDB
S3150800EE5007D13F4B1B6803F00073002B09D1012330
S3150800EE606FE03B4B1B6803F00203002B01D1012323
S3150800EE7067E0374B9B6823F003027B685B6834497D
S3150800EE8013438B60FDF7B4FFF8600AE0FDF7B0FFA7
S3150800EE900246FB68D31A41F28832934201D903230A
S3150800EEA04FE02B4B9B6803F00C027B685B689B006A
S3150800EEB09A42EBD1254B1B6803F007033A689A423E
S3150800EEC00CD2224B3A68D2B21A70204B1B6803F058
S3150800EED007033A689A4201D0012332E07B681B682F
S3150800EEE003F00403002B08D0194B9B6823F4E05267
S3150800EEF07B68DB68164913438B607B681B6803F0E5
S3150800EF000803002B09D0124B9B6823F460427B68E8
S3150800EF101B69DB000E4913438B6000F021F802469B
S3150800EF200B4B9B681B0903F00F030A49CB5C22FABB
S3150800EF3003F3094A1360094B1B681846FDF772FC70
S3150800EF40002318461037BD4680BD00BF003C02406E
S3150800EF5000380240C81C02080000002004000020F7
S3150800EF602DE9B04F90B000AF00237B630023FB630D
S3150800EF7000233B630023BB63594B9B6803F00C03D8
S3150800EF80082B0DD0082B00F2A180002B02D0042BF1
S3150800EF9003D09BE0534BBB639BE0534BBB6398E0AA
S3150800EFA04F4B5B6803F03F037B634D4B5B6803F491
S3150800EFB08003002B28D04A4B5B689B0900223B62E2
S3150800EFC07A623B6AC3F308000021474B03FB01F250
S3150800EFD0002300FB03F31344434AA0FB0212FA6220
S3150800EFE00A46BA62FA6A1344FB627B6B0022BB616B
S3150800EFF0FA61D7E90623D7E90A01FDF739F9024686
S3150800F0000B461346FB6353E0354B5B689B090022AE
S3150800F0103B617A613B69C3F3080A4FF0000B52461D
S3150800F0205B464FF000004FF00001590141EAD261FA
S3150800F030500102460B46B2EB0A0863EB0B094FF088
S3150800F04000024FF000034FEA891343EA98634FEA38
S3150800F0508812B2EB080463EB09054FF000024FF083
S3150800F0600003EB0043EA5473E20014461D4614EB12
S3150800F0700A033B6045EB0B037B604FF000024FF041
S3150800F0800003D7E9004529468B02214643EA9153F6
S3150800F09021468A02104619467B6B0022BB60FA603D
S3150800F0A0D7E90223FDF7E4F802460B461346FB634D
S3150800F0B00B4B5B681B0C03F0030301335B003B63DC
S3150800F0C0FA6B3B6BB2FBF3F3BB6302E0054BBB6326
S3150800F0D000BFBB6B18464037BD46BDE8B08F00BFC2
S3150800F0E0003802400024F40040787D0180B400AF67
S3150800F0F0034B1B681846BD465DF8047B704700BF86
S3150800F1000000002080B500AFFFF7F0FF0246054B70
S3150800F1109B685B0B03F007030349CB5C22FA03F3F6
S3150800F120184680BD00380240D81C020880B483B057
S3150800F13000AF786039607B680F221A60124B9B68B3
S3150800F14003F003027B685A600F4B9B6803F0F002DA
S3150800F1507B689A600C4B9B6803F4E0527B68DA6024
S3150800F160094B9B68DB0803F4E0527B681A61074B7E
S3150800F1701B6803F007023B681A6000BF0C37BD46E0
S3150800F1805DF8047B704700BF00380240003C02402F
S3150800F19080B582B000AF78607B68002B01D101236F
S3150800F1A041E07B6893F83D30DBB2002B06D17B68E3
S3150800F1B0002283F83C20786800F039F87B68022240
S3150800F1C083F83D207B681A687B6804331946104625
S3150800F1D000F0C0F97B68012283F846207B6801228B
S3150800F1E083F83E207B68012283F83F207B68012252
S3150800F1F083F840207B68012283F841207B6801223E
S3150800F20083F842207B68012283F843207B68012229
S3150800F21083F844207B68012283F845207B68012215
S3150800F22083F83D20002318460837BD4680BD80B4C4
S3150800F23083B000AF786000BF0C37BD465DF8047B2D
S3150800F2407047000080B485B000AF78607B6893F89B
S3150800F2503D30DBB2012B01D001234EE07B68022250
S3150800F26083F83D207B681B68DA687B681B6842F078
S3150800F2700102DA607B681B68234A934222D07B68C6
S3150800F2801B68B3F1804F1DD07B681B681F4A9342E9
S3150800F29018D07B681B681E4A934213D07B681B688C
S3150800F2A01C4A93420ED07B681B681B4A934209D0BE
S3150800F2B07B681B68194A934204D07B681B68184A06
S3150800F2C0934211D17B681B689B6803F00703FB60B8
S3150800F2D0FB68062B10D07B681B681A687B681B685E
S3150800F2E042F001021A6007E07B681B681A687B68AF
S3150800F2F01B6842F001021A60002318461437BD46FF
S3150800F3005DF8047B704700BF000001400004004020
S3150800F31000080040000C0040000401400040014085
S3150800F3200018004080B584B000AF78607B681B6821
S3150800F330DB68FB607B681B681B69BB60BB6803F006
S3150800F3400203002B20D0FB6803F00203002B1BD01E
S3150800F3507B681B686FF002021A617B6801221A77C4
S3150800F3607B681B689B6903F00303002B03D078684E
S3150800F37000F0D2F805E0786800F0C4F8786800F084
S3150800F380D5F87B6800221A77BB6803F00403002BC4
S3150800F39020D0FB6803F00403002B1BD07B681B6896
S3150800F3A06FF004021A617B6802221A777B681B6871
S3150800F3B09B6903F44073002B03D0786800F0ACF81F
S3150800F3C005E0786800F09EF8786800F0AFF87B688A
S3150800F3D000221A77BB6803F00803002B20D0FB68CD
S3150800F3E003F00803002B1BD07B681B686FF008022C
S3150800F3F01A617B6804221A777B681B68DB6903F04D
S3150800F4000303002B03D0786800F086F805E07868D7
S3150800F41000F078F8786800F089F87B6800221A7797
S3150800F420BB6803F01003002B20D0FB6803F0100321
S3150800F430002B1BD07B681B686FF010021A617B6873
S3150800F44008221A777B681B68DB6903F44073002B74
S3150800F45003D0786800F060F805E0786800F052F8A4
S3150800F460786800F063F87B6800221A77BB6803F0B7
S3150800F4700103002B0CD0FB6803F00103002B07D017
S3150800F4807B681B686FF001021A617868FDF786F9D8
S3150800F490BB6803F08003002B0CD0FB6803F08003E5
S3150800F4A0002B07D07B681B686FF080021A617868AA
S3150800F4B000F000F9BB6803F04003002B0CD0FB6892
S3150800F4C003F04003002B07D07B681B686FF04002EF
S3150800F4D01A61786800F034F8BB6803F02003002B43
S3150800F4E00CD0FB6803F02003002B07D07B681B6851
S3150800F4F06FF020021A61786800F0D2F800BF103762
S3150800F500BD4680BD80B483B000AF786000BF0C37BD
S3150800F510BD465DF8047B704780B483B000AF786061
S3150800F52000BF0C37BD465DF8047B704780B483B0D6
S3150800F53000AF786000BF0C37BD465DF8047B7047A6
S3150800F54080B483B000AF786000BF0C37BD465DF865
S3150800F550047B704780B485B000AF786039607B68FB
S3150800F5601B68FB607B68434A934213D07B68B3F100
S3150800F570804F0FD07B68404A93420BD07B683F4A46
S3150800F580934207D07B683E4A934203D07B683D4A44
S3150800F590934208D1FB6823F07003FB603B685B6805
S3150800F5A0FA681343FB607B68324A93422BD07B6828
S3150800F5B0B3F1804F27D07B682F4A934223D07B68CC
S3150800F5C02E4A93421FD07B682D4A93421BD07B68F4
S3150800F5D02C4A934217D07B682B4A934213D07B68F8
S3150800F5E02A4A93420FD07B68294A93420BD07B68FC
S3150800F5F0284A934207D07B68274A934203D07B6800
S3150800F600264A934208D1FB6823F44073FB603B68A3
S3150800F610DB68FA681343FB60FB6823F080023B68EB
S3150800F6205B691343FB603B689A687B68DA623B68F0
S3150800F6301A687B689A627B680E4A934203D07B6895
S3150800F640104A934203D13B681A697B681A637B6840
S3150800F6501B6843F004027B681A607B6801225A61C2
S3150800F6607B68FA681A6000BF1437BD465DF8047BEC
S3150800F670704700BF00000140000400400008004039
S3150800F680000C0040000401400040014000440140D5
S3150800F6900048014000180040001C004000200040BF
S3150800F6A080B483B000AF786000BF0C37BD465DF804
S3150800F6B0047B704780B483B000AF786000BF0C3716
S3150800F6C0BD465DF8047B704780B584B004AF924BA5
S3150800F6D0C0221A70904BA8225A708F4B01229A703A
S3150800F6E08D4B0C22DA708D4BFF221A708B4BFF2242
S3150800F6F05A708A4BFF229A70884B0022DA70884B20
S3150800F700C0221A70864BA8225A70854B01229A701D
S3150800F710834B0122DA700021002004F0B5FD7E4BF0
S3150800F7201B781A067C4B5B781B041A437A4B9B782A
S3150800F7301B021343784AD27813431A06764B1B7872
S3150800F7401906754B5B781B041943734B9B781B0290
S3150800F7500B437149C9780B431B0203F47F031A4311
S3150800F7606D4B1B7819066C4B5B781B0419436A4B67
S3150800F7709B781B020B436849C9780B431B0A03F4A1
S3150800F7807F431A43644B1B781906634B5B781B044B
S3150800F7901943614B9B781B020B435F49C9780B439E
S3150800F7A01B0E13435F4A13605C4B1B781A065B4BB0
S3150800F7B05B781B041A43594B9B781B021343574A21
S3150800F7C0D27813431A06554B1B781906534B5B78A8
S3150800F7D01B041943514B9B781B020B434F49C978AD
S3150800F7E00B431B0203F47F031A434C4B1B78190681
S3150800F7F04A4B5B781B041943484B9B781B020B4307
S3150800F8004649C9780B431B0A03F47F431A43434B03
S3150800F8101B781906414B5B781B0419433F4B9B78B1
S3150800F8201B020B433D49C9780B431B0E13433E4A43
S3150800F83013603B4B1B781A06394B5B781B041A433B
S3150800F840374B9B781B021343354AD27813431A0663
S3150800F850334B1B781906324B5B781B041943304B24
S3150800F8609B781B020B432E49C9780B431B0203F4F2
S3150800F8707F031A432A4B1B781906294B5B781B040E
S3150800F8801943274B9B781B020B432549C9780B4321
S3150800F8901B0A03F47F431A43214B1B781906204B96
S3150800F8A05B781B0419431E4B9B781B020B431C49B0
S3150800F8B0C9780B431B0E13431C4A13601C4B029357
S3150800F8C01C4B019300230093184B174A15491A48F5
S3150800F8D005F0A4FA184805F053FC174805F060FC33
S3150800F8E01649154805F05EFD2422002114480EF03D
S3150800F8F04AFD134B134A1A60114B4FF480625A6142
S3150800F9000F4B10229A610E4A0B490F4800F091FDE1
S3150800F91000BFBD4680BD00BF3C010020400100205D
S3150800F9204401002030010020340100203801002065
S3150800F930C541010835FE0008FC0000204DF9000805
S3150800F94048010020A0F10108D900010880B483B05D
S3150800F95000AF786000BF0C37BD465DF8047B704782
S3150800F96080B582B000AF7860044B1B68184600F07B
S3150800F970F7FF00BF0837BD4680BD00BFF83F00202F
S3150800F98080B582B000AF7860044B1B68184600F05B
S3150800F990E7FF00BF0837BD4680BD00BFFC3F00201B
S3150800F9A080B582B000AF78607868FEF77CF90346C8
S3150800F9B003F08003802B04D1044B1B68184600F023
S3150800F9C0CFFF00BF0837BD4680BD00BFF83F002007
S3150800F9D080B5AAB000AF7860002387F89F3000236F
S3150800F9E0C7F8A0300023C7F8983007F1100364223F
S3150800F9F0002118460EF0C7FC894B8A4A1A60002374
S3150800FA003B7280237B72E123BB720023FB720023C7
S3150800FA103B7373237B73824A07F108035360804B59
S3150800FA204FF400029A607E4B7F4ADA607C4B7F4A2D
S3150800FA301A617B4B4FF4C0625A617948FDF7EAFABE
S3150800FA40034687F89F303822002179480EF09BFC40
S3150800FA50774B21221A60764B4FF440025A61744B59
S3150800FA6000221A61734805F093F87B68062283F82A
S3150800FA702C206B4B5B681A787B6883F82620684BCA
S3150800FA805B685A787B6883F82720654B5B689A78A9
S3150800FA907B6883F82820624B5B68DA787B6883F892
S3150800FAA029205F4B5B681A797B6883F82A205C4BB0
S3150800FAB05B685A797B6883F82B207B6840F2DC52B6
S3150800FAC09A847B6893F82D3043F00A03DAB27B6890
S3150800FAD083F82D2000220021012000F065FE034650
S3150800FAE0554A136000220021012000F05DFE0346FE
S3150800FAF0524A136007F174032422002118460EF0B7
S3150800FB0042FC4F4B7B674FF4AF73C7F888303023FE
S3150800FB10C7F88C3007F174031A467968494800F02B
S3150800FB2088FC49494948FDF726F84848FDF755F83D
S3150800FB300346002B06D0786805F004FC786805F0C3
S3150800FB409BFB6AE097F89F30002B64D13F48FDF78E
S3150800FB5091F8C7F89800D7F89830012B06DC786832
S3150800FB6005F0F0FB786805F087FB56E0D7F8983083
S3150800FB70023B032B2AD801A252F823F08DFB00087A
S3150800FB809FFB0008AFFB0008BFFB00084FF40063AB
S3150800FB90C7F8A4304FF48043C7F8A0301FE000230D
S3150800FBA0C7F8A4304FF48043C7F8A03017E04FF4E5
S3150800FBB00063C7F8A4300023C7F8A0300FE000237D
S3150800FBC0C7F8A4300023C7F8A03008E04FF4006354
S3150800FBD0C7F8A4304FF48043C7F8A03000BF07F138
S3150800FBE0100319460E48FDF7FDFED7F8A430BB6290
S3150800FBF0D7F8A0307B6207F1100319460848FDF7CD
S3150800FC00E8FF0748FDF7A2FA786805F0C9FA7868A8
S3150800FC1005F064FB01E0FCF7D3FDA837BD4680BDBF
S3150800FC200040002000800240583F0020B83E0020D7
S3150800FC30B0400020E01C0208F83F0020FC3F0020EE
S3150800FC40A8F10108E1FD00080C000020E8400020AA
S3150800FC5080B592B000AF7860396000237B640023DA
S3150800FC603B64002387F83F3007F10C03302200215C
S3150800FC7018460EF088FB07F10C03302200211846BF
S3150800FC800EF081FB3B683B6445E07B6C032B02D995
S3150800FC906FF00B037FE03B6C59687A6C13465B0088
S3150800FCA013449B0048333B443C3B19603B6C5B89DF
S3150800FCB019467A6C13465B0013449B0048333B4451
S3150800FCC0383B19607B6C002B11D07B6C5A1E07F1F0
S3150800FCD00C00796C0B465B000B449B00C11813465D
S3150800FCE05B0013449B0048333B44343B19603B6C30
S3150800FCF01B68002B09D17A6C13465B0013449B00E2
S3150800FD0048333B44343B00221A607B6C01337B64E6
S3150800FD103B6C1B683B643B6C002BB6D13B681B896C
S3150800FD201A461F4B5A601E4A07F10C0393601C4A79
S3150800FD303B685363386805F089FF19491948FDF788
S3150800FD40F4FA0346002B03D1002387F83F301BE063
S3150800FD501448FDF79BFF034603F00203002B0DD062
S3150800FD60114B1B684FF4FA61184600F0A7FD0D48C1
S3150800FD70FDF77AFCFE2387F83F3005E0386805F082
S3150800FD80BFFEF42387F83F3097F93F3013F1020F8F
S3150800FD90D3D097F93F3018464837BD4680BD00BFD7
S3150800FDA0B040002000400020FC3F002080B584B011
S3150800FDB000AF78600023FB60074B1B78002B05D14A
S3150800FDC007F10C0319460548FDF70BFBFB681846B7
S3150800FDD01037BD4680BD00BFB43E0020004000205D
S3150800FDE080B584B000AF78600023FB607B68BB6099
S3150800FDF00F4B1B684FF0FF31184600F05FFD0346B6
S3150800FE00002BF5D1B868FFF7D1FFF860FB68002B27
S3150800FE100AD0BB681B69B968F86898470346002B7F
S3150800FE2002D0F86805F06CFEFB68002BEAD1DFE724
S3150800FE30F83F002080B582B000AF78607B68002B61
S3150800FE4006D10E4B4FF4FE720D490E480EF036FAE7
S3150800FE507B68732283F82E207B68742283F82F2010
S3150800FE607B68094A5A617B68084A9A617868FFF78D
S3150800FE70AFFD002318460837BD4680BDB0F101081E
S3150800FE80CCF10108DCF10108E5C1010851FC0008C4
S3150800FE9080B584B000AF78607B68FB60F968094874
S3150800FEA004F066FF084B1B78012B07D1064B00228E
S3150800FEB01A70064B1B68184600F052FD00BF103733
S3150800FEC0BD4680BDE01C0208B43E0020F83F002075
S3150800FED080B500AFFCF78CFF0346184680BD0000CE
S3150800FEE080B58EB000AF786007F1240300221A604F
S3150800FEF05A609A60DA601A617B681B684A4A9342BC
S3150800FF0040F08D8000233B62484B1B6B474A43F009
S3150800FF1000731363454B1B6B03F000733B623B6A2C
S3150800FF200023FB61414B1B6B404A43F0806313631C
S3150800FF303E4B1B6B03F08063FB61FB690023BB61CF
S3150800FF403A4B1B6B394A43F000631363374B1B6B01
S3150800FF5003F00063BB61BB6900237B61334B1B6BFA
S3150800FF60324A43F004031363304B1B6B03F004035C
S3150800FF707B617B6900233B612C4B1B6B2B4A43F04F
S3150800FF8001031363294B1B6B03F001033B613B69B8
S3150800FF900023FB60254B1B6B244A43F002031363C3
S3150800FFA0224B1B6B03F00203FB60FB6832237B6268
S3150800FFB00223BB620023FB6203233B630B237B63A1
S3150800FFC007F1240319461A48FEF79CFA86237B6232
S3150800FFD00223BB620023FB6203233B630B237B6381
S3150800FFE007F1240319461348FEF78CFA4FF46053B9
S3150800FFF07B620223BB620023FB6203233B630B2362
S315080100007B6307F1240319460B48FEF77BFA0022A6
S3150801001005213D20FCF7D4FF3D20FCF7EDFF00BF8D
S315080100203837BD4680BD00BF008002400038024017
S3150801003000080240000002400004024080B500AFFB
S315080100400248FDF7E1FD0023184680BD0040002067
S3150801005080B400AF00231846BD465DF8047B70479F
S3150801006080B584B000AFF860B9607A607B68BA6819
S31508010070F9680748FDF722FC0346002B02D04FF02A
S31508010080FF3300E0002318461037BD4680BD00BF88
S315080100900040002080B584B000AFF860B9607A608E
S315080100A07B68BA68F9680748FDF753FC0346002BD5
S315080100B002D04FF0FF3300E0002318461037BD4643
S315080100C080BD00BF0040002080B500AFFCF790FE60
S315080100D00346184680BD000080B5A0B000AF786021
S315080100E007F108036422002118460EF04CF9002393
S315080100F03B670023FB670023BB6700237B677B689D
S31508010100FB663A48FCF7B6FD3867FB6E93F82D3067
S315080101109B0803F00103DBB2002B0CD03B6F012BCC
S3150801012009DC3348FDF782F8F86E05F0A5F8F86E94
S3150801013005F008F955E0FB6E93F82D3003F004033A
S31508010140002B4ED13B6F012B4BDD3B6F023B032B43
S315080101502AD801A252F823F0690101087B01010896
S315080101608B0101089B0101084FF400637B674FF47B
S315080101708043BB670123FB6717E000237B674FF4C6
S315080101808043BB670123FB670FE04FF400637B677E
S315080101900023BB670123FB6707E000237B67002376
S315080101A0BB670123FB6700E000BFFB6F002B18D07C
S315080101B007F1080319460E48FDF714FC7B6F3B62ED
S315080101C0BB6FFB6107F1080319460948FDF701FDF5
S315080101D00748FCF7BBFFF86E04F0E2FFF86E05F07E
S315080101E07DF8642000F0B7F98BE700BFE8400020EE
S315080101F00040002080B586B002AF7860124804F04E
S3150801020043FDF860FB68002B14D0FB6803F120025C
S315080102107B681A60FB680D4A1A617B681B684FF494
S31508010220C06201920093FB6841220021002005F07B
S31508010230ADFA05E0064B01221A707B6800221A60A6
S3150801024000BF1037BD4680BDE01C020891FE0008BC
S31508010250B43E002080B489B000AFF860B9607A6016
S315080102607B80FB68BB61BB687B610023FB617B68A4
S31508010270203BFB61FB6900221A60FB6900221A8197
S31508010280FB697A885A81BB691B68002B03D1BB6954
S31508010290FA691A6003E07B691B68FA691A607B6967
S315080102A0FA691A60BB691B68FB6109E0FB691A896F
S315080102B07B8813449AB2FB691A81FB691B68FB6147
S315080102C0FB69002BF2D100BF00BF2437BD465DF89C
S315080102D0047B704780B582B000AF7860786805F016
S315080102E00FFC00BF0837BD4680BD000080B483B04F
S315080102F000AF03463960FB7197F90730002B0ADB1B
S315080103003B68DAB20C4997F907301201D2B20B44AD
S3150801031083F800230AE03B68DAB20849FB7903F05F
S315080103200F03043B1201D2B20B441A7600BF0C37F5
S31508010330BD465DF8047B704700E100E000ED00E092
S3150801034080B500AF054B1B6802F0C6FC0346012BBE
S3150801035001D003F0C1FB00BF80BD00BF10E000E083
S3150801036080B500AF00216FF00400FFF7BFFF00BFA3
S3150801037080BD000080B483B000AFEFF305833B6016
S315080103803B68002B03D06FF005037B600CE00A4B3A
S315080103901B68002B05D1084B01221A6000237B60DC
S315080103A002E04FF0FF337B607B6818460C37BD4689
S315080103B05DF8047B704700BF0841002080B582B014
S315080103C000AFEFF305833B603B68002B03D06FF06A
S315080103D005037B6010E00B4B1B68012B09D1FFF766
S315080103E0BFFF084B02221A6001F0F0FF00237B6071
S315080103F002E04FF0FF337B607B6818460837BD463D
S3150801040080BD00BF0841002080B582B000AFEFF380
S3150801041005833B603B68002B03D002F003F9786043
S3150801042002E002F0EFF878607B6818460837BD46A7
S3150801043080BD80B58EB004AFF860B9607A600023DC
S315080104403B61EFF305837B617B69002B7ED1FB68FA
S31508010450002B7BD080233B621823FB6100237B6240
S315080104604FF0FF33BB617B68002B45D07B681B6867
S31508010470002B02D07B681B687B627B689B69002B1B
S3150801048002D07B689B69FB61FB69002B08D0FB697D
S31508010490382B05D87B685B6803F00103002B01D074
S315080104A0002354E07B685B69002B03D07B685B699A
S315080104B09B083B627B689B68002B0ED07B68DB68D8
S315080104C0A72B0AD97B681B69002B06D07B685B6959
S315080104D0002B02D00123BB6110E07B689B68002BCF
S315080104E00CD17B68DB68002B08D17B681B69002B64
S315080104F004D10023BB6101E00023BB61BB69012B69
S3150801050010D17B681B697A68926802920193FB692C
S315080105100093BB683A6A796AF86801F063FD034695
S315080105203B6113E0BB69002B10D13B6A9AB207F114
S3150801053010030193FB690093BB68796AF86801F0B7
S31508010540B1FD0346012B01D000233B613B691846E7
S315080105502837BD4680BD80B584B000AF7860EFF31B
S315080105600583BB60BB68002B03D06FF00503FB60F6
S3150801057007E00023FB607B68002B02D0786801F056
S31508010580EFFEFB6818461037BD4680BD80B588B0BA
S3150801059000AF78600023FB61EFF30583BB60BB689E
S315080105A0002B74D17B68002B03D07B685B68BB6129
S315080105B001E00023BB61BB6903F00103002B02D0F4
S315080105C001237B6101E000237B61BB6903F008031A
S315080105D0002B5CD14FF0FF333B617B68002B15D0B4
S315080105E07B689B68002B06D07B68DB684F2B02D99A
S315080105F001233B610CE07B689B68002B08D17B6873
S31508010600DB68002B04D100233B6101E000233B6139
S315080106103B69012B12D17B69002B07D07B689B684C
S315080106201946042000F071FDF86116E07B689B68A5
S315080106301946012000F069FDF8610EE03B69002BBF
S315080106400BD17B69002B04D0042000F046FDF8612C
S3150801065003E0012000F041FDF861FB69002B0CD095
S315080106607B68002B03D07B681B68FB6001E00023D5
S31508010670FB60F968F86901F02DFCFB69002B06D0CF
S315080106807B69002B03D0FB6943F00103FB61FB691E
S3150801069018462037BD4680BD80B586B000AF786064
S315080106A039607B6823F001033B617B6803F0010332
S315080106B0FB6000237B61EFF30583BB60BB68002BFE
S315080106C003D06FF005037B612CE03B69002B03D156
S315080106D06FF003037B6125E0FB68002B11D03968B5
S315080106E0386900F062FD0346012B1BD03B68002BDD
S315080106F003D06FF001037B6114E06FF002037B61A5
S3150801070010E03968386901F007F90346012B09D069
S315080107103B68002B03D06FF001037B6102E06FF0A9
S3150801072002037B617B6918461837BD4680BD80B5D3
S3150801073086B000AF78607B6823F001033B617B6874
S3150801074003F00103FB6000237B61EFF30583BB60C4
S31508010750BB68002B03D06FF005037B611FE03B6983
S31508010760002B03D16FF003037B6118E0FB68002BB4
S3150801077009D0386900F0E4FC0346012B0FD06FF06D
S3150801078002037B610BE0002300220021386900F097
S31508010790B1FD0346012B02D06FF002037B617B6931
S315080107A018461837BD4680BD80B58AB002AFF860D5
S315080107B0B9607A600023FB61EFF305833B613B690E
S315080107C0002B75D1FB68002B72D0BA68FB689A4278
S315080107D06ED84FF0FF33BB617B68002B15D07B6861
S315080107E09B68002B06D07B68DB684F2B02D9012357
S315080107F0BB610CE07B689B68002B08D17B68DB68D2
S31508010800002B04D10023BB6101E00023BB61BB6956
S31508010810B3F1FF3F4CD0FB68012B28D1BB69012BF3
S315080108200AD17B689B6803220092002200210120DD
S3150801083000F05EFBF86105E003220021012000F0CB
S31508010840D4FBF861FB69002B22D0BB68002B1FD0B3
S31508010850002300220021F86900F04CFD0346012B14
S3150801086016D0F86901F0EAF90023FB6110E0BB69CB
S31508010870012B08D17B689B681A46B968F86800F0AD
S31508010880CBFCF86104E0B968F86800F0FEFCF86191
S31508010890FB69002B0CD07B68002B03D07B681B6897
S315080108A07B6101E000237B617969F86901F012FB3C
S315080108B0FB6918462037BD4680BD000080B586B065
S315080108C000AF786039607B683B6100237B613B69D7
S315080108D0002B03D16FF003037B6139E0EFF3058346
S315080108E0FB60FB68002B22D03B68002B03D06FF01E
S315080108F003037B612CE00023BB6007F108031A465A
S315080109000021386901F018F90346012B03D06FF06D
S3150801091002037B611CE0BB68002B19D00F4B4FF01B
S3150801092080521A60BFF34F8FBFF36F8F10E039689B
S31508010930386900F0F1FF0346012B09D03B68002B0B
S3150801094003D06FF001037B6102E06FF002037B6164
S315080109507B6918461837BD4680BD00BF04ED00E027
S3150801096080B586B000AF78607B683B6100237B6108
S315080109703B69002B03D16FF003037B612CE0EFF396
S315080109800583FB60FB68002B1AD00023BB6007F1C7
S3150801099008031946386900F04DFE0346012B03D0BA
S315080109A06FF002037B6117E0BB68002B14D00D4B77
S315080109B04FF080521A60BFF34F8FBFF36F8F0BE072
S315080109C0002300220021386900F094FC0346012B1C
S315080109D002D06FF002037B617B6918461837BD4662
S315080109E080BD00BF04ED00E080B58AB002AFF860B3
S315080109F0B9607A600023FB61EFF305833B613B69CC
S31508010A00002B5FD1FB68002B5CD0BB68002B59D04B
S31508010A104FF0FF33BB617B68002B29D07B689B684D
S31508010A20002B12D07B68DB684F2B0ED97B681B69BC
S31508010A30002B0AD07B685A69FB68B96801FB03F386
S31508010A409A4202D30123BB6114E07B689B68002BA1
S31508010A5010D17B68DB68002B0CD17B681B69002BE6
S31508010A6008D17B685B69002B04D10023BB6101E0D7
S31508010A700023BB61BB69012B0BD17B681A697B68B3
S31508010A809B6800210091B968F86800F031FAF861AD
S31508010A9008E0BB69002B05D10022B968F86800F0A7
S31508010AA0A4FAF861FB69002B0CD07B68002B03D0F4
S31508010AB07B681B687B6101E000237B617969F869C2
S31508010AC001F008FAFB6918462037BD4680BD0000CB
S31508010AD080B588B000AFF860B9603B601346FB711A
S31508010AE0FB68BB610023FB61EFF305837B617B69CF
S31508010AF0002B28D0BB69002B05D0BB68002B02D080
S31508010B003B68002B03D06FF00303FB6138E0002339
S31508010B103B6107F110020023B968B86900F0ECFCE3
S31508010B200346012B03D06FF00203FB6128E03B6902
S31508010B30002B25D0154B4FF080521A60BFF34F8F0B
S31508010B40BFF36F8F1CE0BB69002B02D0BB68002B7B
S31508010B5003D16FF00303FB6112E000233A68B96819
S31508010B60B86900F0C7FB0346012B09D03B68002B87
S31508010B7003D06FF00103FB6102E06FF00203FB6132
S31508010B80FB6918462037BD4680BD00BF04ED00E06D
S31508010B9080B588B000AFF860B9607A603B60FB68E1
S31508010BA0BB610023FB61EFF305837B617B69002B46
S31508010BB028D0BB69002B05D0BB68002B02D03B6847
S31508010BC0002B03D06FF00303FB6137E000233B6181
S31508010BD007F110031A46B968B86900F0ADFF034674
S31508010BE0012B03D06FF00203FB6127E03B69002B61
S31508010BF024D0154B4FF080521A60BFF34F8FBFF3C5
S31508010C006F8F1BE0BB69002B02D0BB68002B03D199
S31508010C106FF00303FB6111E03A68B968B86900F03F
S31508010C2099FD0346012B09D03B68002B03D06FF0D1
S31508010C300103FB6102E06FF00203FB61FB691846E1
S31508010C402037BD4680BD00BF04ED00E080B485B005
S31508010C5000AFF860B9607A60FB68074A1A60BB683A
S31508010C60064A1A607B6880221A6000BF1437BD469F
S31508010C705DF8047B704700BF0C410020B441002099
S31508010C8080B485B000AFF860B9607A60FB68074A3E
S31508010C901A60BB68064A1A607B684FF480721A604C
S31508010CA000BF1437BD465DF8047B7047B443002086
S31508010CB05C44002080B483B000AF78607B6803F1A0
S31508010CC008027B685A607B684FF0FF329A607B683E
S31508010CD003F108027B68DA607B6803F108027B6826
S31508010CE01A617B6800221A6000BF0C37BD465DF8A1
S31508010CF0047B704780B483B000AF78607B680022BC
S31508010D001A6100BF0C37BD465DF8047B704780B495
S31508010D1085B000AF786039607B685B68FB603B68CB
S31508010D20FA685A60FB689A683B689A60FB689B6830
S31508010D303A685A60FB683A689A603B687A681A6149
S31508010D407B681B685A1C7B681A6000BF1437BD464E
S31508010D505DF8047B704780B485B000AF7860396070
S31508010D603B681B68BB60BB68B3F1FF3F03D17B6877
S31508010D701B69FB600CE07B680833FB6002E0FB68DB
S31508010D805B68FB60FB685B681B68BA689A42F6D2C7
S31508010D90FB685A683B685A603B685B683A689A60C0
S31508010DA03B68FA689A60FB683A685A603B687A68F1
S31508010DB01A617B681B685A1C7B681A6000BF143766
S31508010DC0BD465DF8047B704780B485B000AF786096
S31508010DD07B681B69FB607B685B687A6892689A60C6
S31508010DE07B689B687A6852685A60FB685B687A68B0
S31508010DF09A4203D17B689A68FB685A607B6800222D
S31508010E001A61FB681B685A1EFB681A60FB681B6837
S31508010E1018461437BD465DF8047B704780B584B023
S31508010E2000AF786039607B68FB60FB68002B0BD1EB
S31508010E304FF0500383F31188BFF36F8FBFF34F8FC2
S31508010E40BB6000BF00BFFDE702F0B6FDFB681A688C
S31508010E50FB68DB6BF968096C01FB03F31A44FB6851
S31508010E609A60FB6800229A63FB681A68FB685A60F5
S31508010E70FB681A68FB68DB6B013BF968096C01FBC7
S31508010E8003F31A44FB68DA60FB68FF2283F84420FF
S31508010E90FB68FF2283F845203B68002B14D1FB68C9
S31508010EA01B69002B1AD0FB681033184601F03EFD6A
S31508010EB00346002B12D00D4B4FF080521A60BFF338
S31508010EC04F8FBFF36F8F09E0FB6810331846FFF7A2
S31508010ED0F1FEFB6824331846FFF7ECFE02F09EFD8F
S31508010EE0012318461037BD4680BD00BF04ED00E05A
S31508010EF080B58EB002AFF860B9607A603B60FB6876
S31508010F00002B0BD14FF0500383F31188BFF36F8F7A
S31508010F10BFF34F8FBB6200BF00BFFDE73B68002BE5
S31508010F200BD14FF0500383F31188BFF36F8FBFF3D3
S31508010F304F8F7B6200BF00BFFDE77B68002B02D0A5
S31508010F40BB68002B01D0012300E00023002B0BD145
S31508010F504FF0500383F31188BFF36F8FBFF34F8FA1
S31508010F603B6200BF00BFFDE77B68002B02D1BB686F
S31508010F70002B01D1012300E00023002B0BD14FF0F8
S31508010F80500383F31188BFF36F8FBFF34F8FFB6154
S31508010F9000BF00BFFDE750237B617B69502B0BD057
S31508010FA04FF0500383F31188BFF36F8FBFF34F8F51
S31508010FB0BB6100BF00BFFDE77B693B68FB62FB6A5B
S31508010FC0002B0DD0FB6A012283F8462097F83820BA
S31508010FD0FB6A009313467A68B968F86800F040F826
S31508010FE0FB6A18463037BD4680BD80B58AB002AF68
S31508010FF0F860B9601346FB71FB68002B0BD14FF003
S31508011000500383F31188BFF36F8FBFF34F8F3B6193
S3150801101000BF00BFFDE7FB68BA6802FB03F3FB618B
S31508011020FB695033184602F0E9FDB861BB69002B2C
S3150801103011D0BB697B617B6950337B61BB69002237
S3150801104083F84620FA79BB69009313467A69B96829
S31508011050F86800F005F8BB6918462037BD4680BD1B
S3150801106080B584B000AFF860B9607A60FB70BB6880
S31508011070002B03D1BB69BA691A6002E0BB697A68B9
S315080110801A60BB69FA68DA63BB69BA681A6401212E
S31508011090B869FFF7C3FEBB69FA7883F84C2000BF2D
S315080110A01037BD4680BD80B582B000AF78607B68D9
S315080110B0002B0ED07B6800229A607B6800221A609A
S315080110C07B680022DA60002300220021786800F09C
S315080110D011F900BF0837BD4680BD80B586B000AF9F
S315080110E00346FB7101237B6100233B61FB791A46A9
S315080110F039697869FFF779FFF860F868FFF7D3FF70
S31508011100FB6818461837BD4680BD80B588B002AF62
S3150801111003463960FB7101237B6100233B61FB793F
S3150801112000933B68002239697869FFF7E1FEF860A8
S31508011130F868FFF7B8FFFB6818461837BD4680BD43
S3150801114090B587B000AF78607B683B613B69002B3F
S315080111500BD14FF0500383F31188BFF36F8FBFF3A1
S315080111604F8FFB6000BF00BFFDE73B699C6801F03C
S31508011170A3FD03469C4211D13B69DB685A1E3B69B4
S31508011180DA603B69DB68002B05D1002300220021C8
S31508011190386900F0AFF801237B6101E000237B6128
S315080111A07B6918461C37BD4690BD90B587B000AF20
S315080111B0786039607B683B613B69002B0BD14FF046
S315080111C0500383F31188BFF36F8FBFF34F8FFB6013
S315080111D000BF00BFFDE73B699C6801F06DFD034652
S315080111E09C4207D13B69DB685A1C3B69DA600123DB
S315080111F07B610CE03968386900F08EFB78617B69A0
S31508011200002B04D03B69DB685A1C3B69DA607B69B1
S3150801121018461C37BD4690BD80B58AB002AFF86046
S31508011220B9607A60FB68002B0BD14FF0500383F34A
S315080112301188BFF36F8FBFF34F8FBB6100BF00BF2C
S31508011240FDE7BA68FB689A420BD94FF0500383F35E
S315080112501188BFF36F8FBFF34F8F7B6100BF00BF4C
S31508011260FDE7022300937B6800220021F868FFF757
S315080112703FFEF861FB69002B02D0FB69BA689A63E5
S31508011280FB6918462037BD4680BD80B586B000AFDC
S31508011290786039607B68002B0BD14FF0500383F3DC
S315080112A01188BFF36F8FBFF34F8F3B6100BF00BF3C
S315080112B0FDE73A687B689A420BD94FF0500383F3EE
S315080112C01188BFF36F8FBFF34F8FFB6000BF00BF5D
S315080112D0FDE7022200217868FFF787FE78617B69BE
S315080112E0002B02D07B693A689A637B6918461837DE
S315080112F0BD4680BD80B58EB000AFF860B9607A6032
S315080113003B6000237B63FB683B633B6B002B0BD184
S315080113104FF0500383F31188BFF36F8FBFF34F8FDD
S31508011320BB6200BF00BFFDE7BB68002B03D13B6B67
S315080113301B6C002B01D1012300E00023002B0BD1EC
S315080113404FF0500383F31188BFF36F8FBFF34F8FAD
S315080113507B6200BF00BFFDE73B68022B03D13B6BF5
S31508011360DB6B012B01D1012300E00023002B0BD1FC
S315080113704FF0500383F31188BFF36F8FBFF34F8F7D
S315080113803B6200BF00BFFDE701F0A6FC0346002B48
S3150801139002D17B68002B01D1012300E00023002B39
S315080113A00BD14FF0500383F31188BFF36F8FBFF34F
S315080113B04F8FFB6100BF00BFFDE702F0FDFA3B6BF3
S315080113C09A6B3B6BDB6B9A4202D33B68022B29D1A2
S315080113D03A68B968386B00F06DFCF8623B6B5B6A7A
S315080113E0002B10D03B6B2433184601F09FFA0346B5
S315080113F0002B13D03F4B4FF080521A60BFF34F8F2B
S31508011400BFF36F8F0AE0FB6A002B07D0394B4FF009
S3150801141080521A60BFF34F8FBFF36F8F02F0FEFA47
S31508011420012363E07B68002B03D102F0F7FA00235E
S315080114305CE07B6B002B06D107F11403184601F01B
S31508011440D9FA01237B6302F0E9FA01F02FF802F0D9
S31508011450B3FA3B6B93F844305BB2B3F1FF3F03D168
S315080114603B6B002283F844203B6B93F845305BB213
S31508011470B3F1FF3F03D13B6B002283F8452002F00D
S31508011480CDFA3A1D07F114031146184601F0C8FAB8
S315080114900346002B24D1386B00F004FD0346002BCC
S315080114A018D03B6B10337A681146184601F0ECF9EF
S315080114B0386B00F08FFC01F007F80346002B7FF428
S315080114C07CAF0C4B4FF080521A60BFF34F8FBFF3BE
S315080114D06F8F72E7386B00F07DFC00F0F5FF6CE763
S315080114E0386B00F077FC00F0EFFF00231846383719
S315080114F0BD4680BD04ED00E080B590B000AFF86050
S31508011500B9607A603B60FB68BB63BB6B002B0BD190
S315080115104FF0500383F31188BFF36F8FBFF34F8FDB
S31508011520BB6200BF00BFFDE7BB68002B03D1BB6BE5
S315080115301B6C002B01D1012300E00023002B0BD1EA
S315080115404FF0500383F31188BFF36F8FBFF34F8FAB
S315080115507B6200BF00BFFDE73B68022B03D1BB6B73
S31508011560DB6B012B01D1012300E00023002B0BD1FA
S315080115704FF0500383F31188BFF36F8FBFF34F8F7B
S315080115803B6200BF00BFFDE702F0F6FAEFF31182F6
S315080115904FF0500383F31188BFF36F8FBFF34F8F5B
S315080115A0FA61BB61FB697B63BB6B9A6BBB6BDB6BDC
S315080115B09A4202D33B68022B2FD1BB6B93F8453075
S315080115C087F83330BB6B9B6BFB623A68B968B86BBB
S315080115D000F070FB97F93330B3F1FF3F12D1BB6BC3
S315080115E05B6A002B16D0BB6B2433184601F09EF9B3
S315080115F00346002B0ED07B68002B0BD07B6801229B
S315080116001A6007E097F833300133DBB25AB2BB6B85
S3150801161083F845200123FB6301E00023FB637B6B11
S315080116207B617B6983F3118800BFFB6B18464037E2
S31508011630BD4680BD80B58EB000AF786039607B68E5
S315080116403B633B6B002B0BD14FF0500383F311889F
S31508011650BFF36F8FBFF34F8F3B6200BF00BFFDE73C
S315080116603B6B1B6C002B0BD04FF0500383F3118897
S31508011670BFF36F8FBFF34F8FFB6100BF00BFFDE75D
S315080116803B6B1B68002B03D13B6B9B68002B01D17D
S31508011690012300E00023002B0BD14FF0500383F305
S315080116A01188BFF36F8FBFF34F8FBB6100BF00BFB8
S315080116B0FDE702F061FAEFF311824FF0500383F36D
S315080116C01188BFF36F8FBFF34F8F7A613B617B69D7
S315080116D0FB623B6B9B6BBB623B6BDB6BBA6A9A42E9
S315080116E02BD23B6B93F8453087F82730BB6A5A1CD7
S315080116F03B6B9A6397F92730B3F1FF3F12D13B6BE6
S315080117005B6A002B16D03B6B2433184601F00EF9A1
S315080117100346002B0ED03B68002B0BD03B680122F9
S315080117201A6007E097F827300133DBB25AB23B6BF0
S3150801173083F8452001237B6301E000237B63FB6A71
S31508011740FB60FB6883F3118800BF7B6B184638374B
S31508011750BD4680BD80B58CB000AFF860B9607A60CF
S315080117600023FB62FB68BB62BB6A002B0BD14FF0FF
S31508011770500383F31188BFF36F8FBFF34F8F3B621B
S3150801178000BF00BFFDE7BB68002B03D1BB6A1B6C1A
S31508011790002B01D1012300E00023002B0BD14FF0D0
S315080117A0500383F31188BFF36F8FBFF34F8FFB612C
S315080117B000BF00BFFDE701F08FFA0346002B02D1F7
S315080117C07B68002B01D1012300E00023002B0BD1FC
S315080117D04FF0500383F31188BFF36F8FBFF34F8F19
S315080117E0BB6100BF00BFFDE702F0E6F8BB6A9B6B71
S315080117F07B627B6A002B1FD0B968B86A00F0C4FA0D
S315080118007B6A5A1EBB6A9A63BB6A1B69002B0FD097
S31508011810BB6A1033184601F089F80346002B07D036
S315080118203C4B4FF080521A60BFF34F8FBFF36F8F57
S3150801183002F0F4F8012369E07B68002B03D102F07A
S31508011840EDF8002362E0FB6A002B06D107F11003CD
S31508011850184601F0CFF80123FB6202F0DFF800F029
S3150801186025FE02F0A9F8BB6A93F844305BB2B3F1DE
S31508011870FF3F03D1BB6A002283F84420BB6A93F871
S3150801188045305BB2B3F1FF3F03D1BB6A002283F84F
S31508011890452002F0C3F83A1D07F110031146184610
S315080118A001F0BEF80346002B23D1B86A00F0E4FA2A
S315080118B00346002B17D0BB6A24337A6811461846AB
S315080118C000F0E2FFB86A00F085FA00F0FDFD034674
S315080118D0002B89D10F4B4FF080521A60BFF34F8FFF
S315080118E0BFF36F8F80E7B86A00F074FA00F0ECFD79
S315080118F07AE7B86A00F06EFA00F0E6FDB86A00F019
S31508011900BBFA0346002B3FF46FAF00231846303766
S31508011910BD4680BD04ED00E080B58EB000AF7860AD
S31508011920396000237B637B68FB6200233B63FB6AA8
S31508011930002B0BD14FF0500383F31188BFF36F8F40
S31508011940BFF34F8F3B6200BF00BFFDE7FB6A1B6C0D
S31508011950002B0BD04FF0500383F31188BFF36F8F21
S31508011960BFF34F8FFB6100BF00BFFDE701F0B4F97C
S315080119700346002B02D13B68002B01D1012300E06D
S315080119800023002B0BD14FF0500383F31188BFF3CB
S315080119906F8FBFF34F8FBB6100BF00BFFDE702F03A
S315080119A00BF8FB6A9B6BBB62BB6A002B24D0BB6A34
S315080119B05A1EFB6A9A63FB6A1B68002B04D101F065
S315080119C005FB0246FB6A9A60FB6A1B69002B0FD06E
S315080119D0FB6A1033184600F0A9FF0346002B07D00F
S315080119E0544B4FF080521A60BFF34F8FBFF36F8F7E
S315080119F002F014F8012398E03B68002B12D13B6BE7
S31508011A00002B0BD04FF0500383F31188BFF36F8F70
S31508011A10BFF34F8F7B6100BF00BFFDE701F0FEFFFB
S31508011A20002382E07B6B002B06D107F10C031846D5
S31508011A3000F0E0FF01237B6301F0F0FF00F036FDC3
S31508011A4001F0BAFFFB6A93F844305BB2B3F1FF3F8A
S31508011A5003D1FB6A002283F84420FB6A93F84530D8
S31508011A605BB2B3F1FF3F03D1FB6A002283F845203D
S31508011A7001F0D4FF3A4607F10C031146184600F067
S31508011A80CFFF0346002B32D1F86A00F0F5F9034679
S31508011A90002B26D0FB6A1B68002B09D101F08CFFAD
S31508011AA0FB6A9B68184601F035F9386301F0B6FF01
S31508011AB0FB6A24333A681146184600F0E5FEF86ACF
S31508011AC000F088F900F000FD0346002B7FF467AFAC
S31508011AD0184B4FF080521A60BFF34F8FBFF36F8FC9
S31508011AE05DE7F86A00F076F900F0EEFC57E7F86A68
S31508011AF000F070F900F0E8FCF86A00F0BDF9034659
S31508011B00002B3FF44CAF3B6B002B0DD001F054FF7B
S31508011B10F86A00F0B7F87862FB6A9B68796A184632
S31508011B2001F0D0F901F07AFF002318463837BD468F
S31508011B3080BD00BF04ED00E080B58EB000AFF8604F
S31508011B40B9607A60FB683B633B6B002B0BD14FF0A6
S31508011B50500383F31188BFF36F8FBFF34F8F3B6237
S31508011B6000BF00BFFDE7BB68002B03D13B6B1B6CB5
S31508011B70002B01D1012300E00023002B0BD14FF0EC
S31508011B80500383F31188BFF36F8FBFF34F8FFB6148
S31508011B9000BF00BFFDE701F0EFFFEFF311824FF041
S31508011BA0500383F31188BFF36F8FBFF34F8FBA6169
S31508011BB07B61BB69FB623B6B9B6BBB62BB6A002BA0
S31508011BC02FD03B6B93F8443087F82730B968386BC8
S31508011BD000F0DAF8BB6A5A1E3B6B9A6397F927300D
S31508011BE0B3F1FF3F12D13B6B1B69002B16D03B6B40
S31508011BF01033184600F09AFE0346002B0ED07B6878
S31508011C00002B0BD07B6801221A6007E097F8273072
S31508011C100133DBB25AB23B6B83F8442001237B6361
S31508011C2001E000237B63FB6A3B613B6983F311880F
S31508011C3000BF7B6B18463837BD4680BD80B584B07A
S31508011C4000AF78607B68FB60FB68002B0BD14FF017
S31508011C50500383F31188BFF36F8FBFF34F8FBB60B8
S31508011C6000BF00BFFDE7F86800F05EF9FB6893F86E
S31508011C704630002B02D1F86802F08EF800BF103703
S31508011C80BD4680BD80B485B000AF78607B685B6A6D
S31508011C90002B06D07B681B6B1B68C3F13803FB60FE
S31508011CA001E00023FB60FB6818461437BD465DF862
S31508011CB0047B704780B586B000AFF860B9607A607A
S31508011CC000237B61FB689B6B3B61FB681B6C002BEC
S31508011CD00DD1FB681B68002B4DD1FB689B68184624
S31508011CE001F080F87861FB6800229A6043E07B681E
S31508011CF0002B19D1FB685868FB681B6C1A46B96832
S31508011D000CF00DFCFB685A68FB681B6C1A44FB68EF
S31508011D105A60FB685A68FB689B689A422BD3FB6832
S31508011D201A68FB685A6026E0FB68D868FB681B6C72
S31508011D301A46B9680CF0F3FBFB68DA68FB681B6C9A
S31508011D405B421A44FB68DA60FB68DA68FB681B6861
S31508011D509A4207D2FB689A68FB681B6C5B421A4475
S31508011D60FB68DA607B68022B05D13B69002B02D040
S31508011D703B69013B3B613B695A1CFB689A637B697A
S31508011D8018461837BD4680BD80B582B000AF786069
S31508011D9039607B681B6C002B18D07B68DA687B6816
S31508011DA01B6C1A447B68DA607B68DA687B689B6817
S31508011DB09A4203D37B681A687B68DA607B68D968BC
S31508011DC07B681B6C1A4638680CF0A9FB00BF0837FC
S31508011DD0BD4680BD80B584B000AF786001F0ECFDEA
S31508011DE07B6893F84530FB7311E07B685B6A002BCF
S31508011DF012D07B682433184600F098FD0346002B61
S31508011E0001D000F071FEFB7B013BDBB2FB7397F956
S31508011E100F30002BE9DC00E000BF7B68FF2283F866
S31508011E20452001F0FBFD01F0C7FD7B6893F84430BE
S31508011E30BB7311E07B681B69002B12D07B681033DA
S31508011E40184600F073FD0346002B01D000F04CFE46
S31508011E50BB7B013BDBB2BB7397F90E30002BE9DC88
S31508011E6000E000BF7B68FF2283F8442001F0D6FD1D
S31508011E7000BF1037BD4680BD80B584B000AF78601D
S31508011E8001F09AFD7B689B6B002B02D10123FB6055
S31508011E9001E00023FB6001F0C1FDFB68184610371D
S31508011EA0BD4680BD80B584B000AF786001F084FD81
S31508011EB07B689A6B7B68DB6B9A4202D10123FB60D4
S31508011EC001E00023FB6001F0A9FDFB681846103705
S31508011ED0BD4680BD80B485B000AF78603960002307
S31508011EE0FB6014E00F4AFB6852F83330002B0BD124
S31508011EF00C49FB683A6841F833200A4AFB68DB005B
S31508011F0013447A685A6006E0FB680133FB60FB6894
S31508011F10072BE7D900BF00BF1437BD465DF8047B20
S31508011F20704700BF5C48002080B485B000AF786078
S31508011F300023FB6016E0104AFB68DB0013445B686C
S31508011F407A689A420BD10C4AFB68002142F8331091
S31508011F50094AFB68DB00134400225A6006E0FB6865
S31508011F600133FB60FB68072BE5D900BF00BF1437B7
S31508011F70BD465DF8047B70475C48002080B586B095
S31508011F8000AFF860B9607A60FB687B6101F014FD07
S31508011F907B6993F844305BB2B3F1FF3F03D17B69A8
S31508011FA0002283F844207B6993F845305BB2B3F18C
S31508011FB0FF3F03D17B69002283F8452001F02EFDFE
S31508011FC07B699B6B002B06D17B6924337A68B968D8
S31508011FD0184600F07FFC7869FFF7FCFE00BF18374A
S31508011FE0BD4680BD80B58EB004AFF860B9607A6031
S31508011FF03B607B6B002B0BD14FF0500383F31188A9
S31508012000BFF36F8FBFF34F8F3B6200BF00BFFDE782
S31508012010BB6B002B0BD14FF0500383F31188BFF331
S315080120206F8FBFF34F8FFB6100BF00BFFDE7A8238A
S315080120303B613B69A82B0BD04FF0500383F3118802
S31508012040BFF36F8FBFF34F8FBB6100BF00BFFDE7C3
S315080120503B69BB6B002B1ED07B6B002B1BD0BB6B6C
S315080120607B627B6A7A6B1A637B6A022283F8A520F4
S31508012070002303937B6A029307F1140301933B6BD5
S3150801208000933B687A68B968F86800F051F8786A8D
S3150801209000F0F6F801E000237B617B6918462837D2
S315080120A0BD4680BD80B58CB004AFF860B9603B60B1
S315080120B01346FB80FB889B00184601F09FFD78615B
S315080120C07B69002B0ED0A82001F098FDF861FB6909
S315080120D0002B03D0FB697A691A6305E0786901F078
S315080120E05BFE01E00023FB61FB69002B17D0FB694E
S315080120F0002283F8A520FA8800230393FB6902933B
S31508012100FB6A0193BB6A00933B68B968F86800F0FB
S315080121100FF8F86900F0B4F80123BB6102E04FF04B
S31508012120FF33BB61BB6918462037BD4680BD000039
S3150801213080B588B000AFF860B9607A603B603B6BE8
S31508012140186B7B689B001A46A5210CF01CF93B6BA2
S315080121501A6B7B6803F18043013B9B001344BB6107
S31508012160BB6923F00703BB61BB6903F00703002BB7
S315080121700BD04FF0500383F31188BFF36F8FBFF372
S315080121804F8F7B6100BF00BFFDE7BB68002B1FD0E7
S315080121900023FB6112E0BA68FB69134419783A6BAC
S315080121A0FB69134434330A461A70BA68FB69134447
S315080121B01B78002B06D0FB690133FB61FB690F2BEA
S315080121C0E9D900E000BF3B6B002283F8432003E016
S315080121D03B6B002283F83420BB6A372B01D937239E
S315080121E0BB623B6BBA6ADA623B6BBA6ADA643B6B0F
S315080121F000221A653B6B04331846FEF77BFD3B6BE1
S3150801220018331846FEF776FD3B6B3A6B1A61BB6AC3
S31508012210C3F138023B6B9A613B6B3A6B5A623B6B73
S315080122200022C3F8A0203B6B002283F8A4203B6B55
S3150801223054334C22002118460CF0A5F83B6B0D4A85
S315080122409A653B6B0C4ADA653B6B0C4A1A663A6827
S31508012250F968B86901F07CFA02463B6B1A60FB6AB9
S31508012260002B02D0FB6A3A6B1A6000BF2037BD46C5
S3150801227080BD00BF74C10020DCC1002044C200201B
S3150801228080B582B000AF786001F096FB2D4B1B68D4
S3150801229001332C4A13602C4B1B68002B09D12A4A9F
S315080122A07B681360274B1B68012B10D100F040FC9B
S315080122B00DE0264B1B68002B09D1234B1B68DA6AF4
S315080122C07B68DB6A9A4202D81F4A7B681360204BF7
S315080122D01B6801331E4A13601D4B1A687B685A64D2
S315080122E07B68DA6A1B4B1B689A4203D97B68DB6AEF
S315080122F0184A13607B68DA6A13469B0013449B00ED
S31508012300154A1A447B68043319461046FEF7FFFC42
S3150801231001F084FB0D4B1B68002B0ED00A4B1B6882
S31508012320DA6A7B68DB6A9A4207D20C4B4FF0805215
S315080123301A60BFF34F8FBFF36F8F00BF0837BD46D3
S3150801234080BD00BF704D00209C4800207C4D0020B8
S315080123508C4D0020784D0020A048002004ED00E0B7
S3150801236080B584B000AF78600023FB607B68002BE2
S3150801237018D0144B1B68002B0BD04FF0500383F376
S315080123801188BFF36F8FBFF34F8FBB6000BF00BFCC
S31508012390FDE700F08BF80021786800F02BFE00F0CD
S315080123A093F8F860FB68002B07D1074B4FF0805272
S315080123B01A60BFF34F8FBFF36F8F00BF1037BD464B
S315080123C080BD00BF984D002004ED00E080B58AB0BD
S315080123D004AF0023BB6000237B603A46391D07F131
S315080123E008031846FEF732FC39687B68BA68029218
S315080123F001930023009300230A4624492448FFF742
S31508012400F1FD0346234A1360224B1B68002B02D0B9
S3150801241001237B6101E000237B617B69012B02D1EA
S3150801242000F03CFE78617B69012B1BD14FF050030C
S3150801243083F31188BFF36F8FBFF34F8F3B6100BFE3
S31508012440154B1B685433154A1360154B4FF0FF3271
S315080124501A60144B01221A60134B00221A6001F00C
S3150801246007FA0FE07B69B3F1FF3F0BD14FF0500339
S3150801247083F31188BFF36F8FBFF34F8FFB6000BFE4
S3150801248000BFFDE700BF1837BD4680BD04F201084D
S31508012490012B0108944D00209C4800203C00002097
S315080124A0904D00207C4D0020744D002080B400AF73
S315080124B0044B1B680133034A136000BFBD465DF830
S315080124C0047B7047984D002080B584B000AF002387
S315080124D0FB600023BB60424B1B68002B0BD14FF0FE
S315080124E0500383F31188BFF36F8FBFF34F8F3B60A0
S315080124F000BF00BFFDE701F05FFA394B1B68013BDE
S31508012500374A1360364B1B68002B62D1354B1B6863
S31508012510002B5ED02FE0344BDB68DB68FB60FB6881
S3150801252018331846FEF750FCFB6804331846FEF7C5
S315080125304BFCFB68DA6A2D4B1B689A4203D9FB6888
S31508012540DB6A2A4A1360FB68DA6A13469B0013445E
S315080125509B00274A1A44FB68043319461046FEF7BE
S31508012560D6FBFB68DA6A234B1B68DB6A9A4202D3FD
S31508012570214B01221A601C4B1B68002BCBD1FB682F
S31508012580002B01D000F078FB1C4B1B687B607B6835
S31508012590002B10D000F058F80346002B02D0164B3A
S315080125A001221A607B68013B7B607B68002BF1D1B5
S315080125B0124B00221A60104B1B68002B09D001230D
S315080125C0BB600F4B4FF080521A60BFF34F8FBFF3BA
S315080125D06F8F01F023FABB6818461037BD4680BDD8
S315080125E0984D0020704D0020304D0020784D002078
S315080125F0A04800209C480020844D0020804D0020E2
S3150801260004ED00E080B483B000AF054B1B687B6026
S315080126107B6818460C37BD465DF8047B704700BFDA
S31508012620744D002080B582B000AF01F0A5FA0023F1
S315080126307B60044B1B683B603B6818460837BD4600
S3150801264080BD00BF744D002080B586B000AF002361
S315080126507B614F4B1B68002B40F090804D4B1B68EC
S3150801266001333B614B4A3B6913603B69002B21D11E
S31508012670494B1B681B68002B0BD04FF0500383F3A3
S315080126801188BFF36F8FBFF34F8F3B6000BF00BF49
S31508012690FDE7414B1B68FB60404B1B683E4A1360D4
S315080126A03E4AFB6813603E4B1B6801333C4A136084
S315080126B000F0E2FA3B4B1B683A699A4249D3364B1A
S315080126C01B681B68002B04D1364B4FF0FF321A608A
S315080126D03FE0314B1B68DB68DB68BB60BB685B6846
S315080126E07B603A697B689A4203D22E4A7B681360FB
S315080126F02FE0BB6804331846FEF766FBBB689B6A86
S31508012700002B04D0BB6818331846FEF75DFBBB687F
S31508012710DA6A254B1B689A4203D9BB68DB6A224AE7
S315080127201360BB68DA6A13469B0013449B001F4A71
S315080127301A44BB68043319461046FEF7E8FABB6823
S31508012740DA6A1B4B1B68DB6A9A42B8D301237B61A1
S31508012750B5E7174B1B68DA6A144913469B001344FD
S315080127609B000B441B68012B01D901237B61114B8B
S315080127701B68002B07D001237B6104E00E4B1B6805
S3150801278001330D4A13607B6918461837BD4680BD6B
S31508012790984D0020744D0020284D00202C4D002016
S315080127A0884D0020904D0020784D0020A04800203B
S315080127B09C480020844D0020804D002080B485B0BF
S315080127C000AF2B4B1B68002B03D02A4B01221A6042
S315080127D047E0284B00221A60274B1B68FB6011E073
S315080127E0FB68002B0BD14FF0500383F31188BFF31D
S315080127F06F8FBFF34F8F7B6000BF00BFFDE7FB689C
S31508012800013BFB601D49FA6813469B0013449B0074
S315080128100B441B68002BE3D0FA6813469B0013444C
S315080128209B00164A1344BB60BB685B685A68BB6861
S315080128305A60BB685A68BB6808339A4204D1BB68B8
S315080128405B685A68BB685A60BB685B68DB680C4A98
S315080128501360094AFB681360094B1B685433094A1C
S31508012860136000BF1437BD465DF8047B704700BF8F
S31508012870984D0020844D0020784D0020A048002066
S315080128809C4800203C00002080B584B000AF7860E9
S3150801289039607B68002B0BD14FF0500383F3118805
S315080128A0BFF36F8FBFF34F8FFB6000BF00BFFDE71C
S315080128B0074B1B68183319467868FEF74CFA01214D
S315080128C0386800F097FB00BF1037BD4680BD00BFD2
S315080128D09C48002080B586B000AFF860B9607A6080
S315080128E0FB68002B0BD14FF0500383F31188BFF31C
S315080128F06F8FBFF34F8F7B6100BF00BFFDE70A4BA8
S315080129001B6818331946F868FEF701FA7B68002B2D
S3150801291002D04FF0FF33BB607968B86800F06AFBF4
S3150801292000BF1837BD4680BD9C48002080B586B0DB
S3150801293000AF78607B68DB68DB683B613B69002B2D
S315080129400BD14FF0500383F31188BFF36F8FBFF399
S315080129504F8FFB6000BF00BFFDE73B691833184680
S31508012960FEF732FA1D4B1B68002B1DD13B69043358
S315080129701846FEF729FA3B69DA6A194B1B689A4227
S3150801298003D93B69DB6A164A13603B69DA6A13465F
S315080129909B0013449B00134A1A443B6904331946A6
S315080129A01046FEF7B4F905E03B69183319460E4897
S315080129B0FEF7ADF93B69DA6A0C4B1B68DB6A9A428A
S315080129C005D901237B610A4B01221A6001E0002324
S315080129D07B617B6918461837BD4680BD984D002036
S315080129E0784D0020A0480020304D00209C4800204A
S315080129F0844D002080B483B000AF7860064B1A6816
S31508012A007B681A60054B1A687B685A6000BF0C37E9
S31508012A10BD465DF8047B7047884D0020744D002043
S31508012A2080B588B000AF786039607B68002B0BD120
S31508012A304FF0500383F31188BFF36F8FBFF34F8FA6
S31508012A403B6100BF00BFFDE73B68002B0BD14FF090
S31508012A50500383F31188BFF36F8FBFF34F8FFB606A
S31508012A6000BF00BFFDE700F0A7FF1D4B1B68BB6158
S31508012A707B685B68BA69D31A7B613B681B68B3F1EB
S31508012A80FF3F02D10023FB6123E07B681A68154BDF
S31508012A901B689A4207D07B685B68BA699A4202D377
S31508012AA00123FB6115E03B681B687A699A420BD2E0
S31508012AB03B681A687B69D21A3B681A607868FFF71F
S31508012AC099FF0023FB6104E03B6800221A60012399
S31508012AD0FB6100F0A3FFFB6918462037BD4680BDA0
S31508012AE0744D0020884D002080B400AF034B0122AD
S31508012AF01A6000BFBD465DF8047B7047844D00200F
S31508012B0080B582B000AF786000F052F8064B1B68BA
S31508012B10012BF9D9054B4FF080521A60BFF34F8F3D
S31508012B20BFF36F8FF0E700BFA048002004ED00E077
S31508012B3080B582B000AF00237B600CE07A6813464B
S31508012B409B0013449B00124A13441846FEF7B2F839
S31508012B507B6801337B607B68372BEFD90D48FEF71D
S31508012B60A9F80D48FEF7A6F80C48FEF7A3F80C4895
S31508012B70FEF7A0F80B48FEF79DF80B4B054A1A60BD
S31508012B800A4B054A1A6000BF0837BD4680BD00BF1B
S31508012B90A0480020004D0020144D0020304D002093
S31508012BA0444D00205C4D0020284D00202C4D00206E
S31508012BB080B582B000AF19E000F0FEFE104BDB686D
S31508012BC0DB687B607B6804331846FEF7FDF80D4B1E
S31508012BD01B68013B0B4A13600B4B1B68013B0A4AF6
S31508012BE0136000F01BFF786800F010F8064B1B68AD
S31508012BF0002BE1D100BF00BF0837BD4680BD00BF2D
S31508012C00444D0020704D0020584D002080B584B0F9
S31508012C1000AF78607B68543318460BF0CDFB7B68B0
S31508012C2093F8A530002B08D17B681B6B184601F079
S31508012C30B3F8786801F0B0F819E07B6893F8A53025
S31508012C40012B03D1786801F0A7F810E07B6893F8A7
S31508012C50A530022B0BD04FF0500383F31188BFF335
S31508012C606F8FBFF34F8FFB6000BF00BFFDE700BF4B
S31508012C701037BD4680BD000080B483B000AF0C4B51
S31508012C801B681B68002B04D10A4B4FF0FF321A60F0
S31508012C9008E0074B1B68DB68DB687B607B685B6861
S31508012CA0044A136000BF0C37BD465DF8047B7047C4
S31508012CB0284D0020904D002080B483B000AF054B0D
S31508012CC01B687B607B6818460C37BD465DF8047B3C
S31508012CD0704700BF9C48002080B483B000AF0B4BFF
S31508012CE01B68002B02D101237B6008E0084B1B6897
S31508012CF0002B02D102237B6001E000237B607B6805
S31508012D0018460C37BD465DF8047B70477C4D00209C
S31508012D10984D002080B584B000AF78607B68BB60B1
S31508012D200023FB607B68002B51D0BB68DA6A2A4B0B
S31508012D301B68DB6A9A4241D2BB689B69002B06DB9A
S31508012D40254B1B68DB6AC3F13802BB689A61BB680D
S31508012D505969BB68DA6A13469B0013449B001F4AEC
S31508012D601344994222D1BB6804331846FEF72CF85E
S31508012D70194B1B68DA6ABB68DA62BB68DA6A184BF0
S31508012D801B689A4203D9BB68DB6A154A1360BB689C
S31508012D90DA6A13469B0013449B00104A1A44BB681F
S31508012DA0043319461046FDF7B2FF04E00A4B1B68C7
S31508012DB0DA6ABB68DA620123FB6008E0BB68DA6C91
S31508012DC0054B1B68DB6A9A4201D20123FB60FB684B
S31508012DD018461037BD4680BD9C480020A0480020F3
S31508012DE0784D002080B586B000AF78607B683B617E
S31508012DF000237B617B68002B58D02F4B1B683A69EF
S31508012E009A420BD04FF0500383F31188BFF36F8FAB
S31508012E10BFF34F8FFB6000BF00BFFDE73B691B6D2A
S31508012E20002B0BD14FF0500383F31188BFF36F8F3B
S31508012E30BFF34F8FBB6000BF00BFFDE73B691B6D4A
S31508012E405A1E3B691A653B69DA6A3B69DB6C9A4229
S31508012E502CD03B691B6D002B28D13B6904331846DE
S31508012E60FDF7B2FF3B69DA6C3B69DA623B69DB6AFB
S31508012E70C3F138023B699A613B69DA6A0F4B1B68F1
S31508012E809A4203D93B69DB6A0C4A13603B69DA6AE1
S31508012E9013469B0013449B00094A1A443B690433B1
S31508012EA019461046FDF733FF01237B617B691846F6
S31508012EB01837BD4680BD00BF9C480020784D0020CC
S31508012EC0A048002080B588B000AF786039607B687B
S31508012ED0BB6101237B617B68002B6CD0BB691B6DD1
S31508012EE0002B0BD14FF0500383F31188BFF36F8F7B
S31508012EF0BFF34F8FFB6000BF00BFFDE7BB69DB6C0B
S31508012F003A689A4202D93B68FB6102E0BB69DB6C0D
S31508012F10FB61BB69DB6AFA699A424CD0BB691B6DD6
S31508012F207A699A4247D1264B1B68BA699A420BD1EC
S31508012F304FF0500383F31188BFF36F8FBFF34F8FA1
S31508012F40BB6000BF00BFFDE7BB69DB6A3B61BB69CC
S31508012F50FA69DA62BB699B69002B04DBFB69C3F179
S31508012F603802BB699A61BB6959693A6913469B007C
S31508012F7013449B00134A134499421CD1BB69043379
S31508012F801846FDF721FFBB69DA6A0F4B1B689A429F
S31508012F9003D9BB69DB6A0C4A1360BB69DA6A134653
S31508012FA09B0013449B00074A1A44BB69043319461C
S31508012FB01046FDF7ACFE00BF2037BD4680BD00BFF9
S31508012FC09C480020A0480020784D002080B400AF1E
S31508012FD0074B1B68002B04D0054B1B681A6D013281
S31508012FE01A65034B1B681846BD465DF8047B704796
S31508012FF09C48002080B584B000AF78603960214BC9
S315080130001B68FB60204B1B6804331846FDF7DCFE82
S315080130107B68B3F1FF3F0AD13B68002B07D01A4BF7
S315080130201B68043319461948FDF771FE26E0FA684C
S315080130307B681344BB60144B1B68BA685A60BA684C
S31508013040FB689A4209D2124B1A680F4B1B68043364
S3150801305019461046FDF77FFE10E00E4B1A680A4B1B
S315080130601B68043319461046FDF775FE0A4B1B68A3
S31508013070BA689A4202D2084ABB68136000BF103781
S31508013080BD4680BD744D00209C4800205C4D002043
S315080130902C4D0020284D0020904D002080B58AB087
S315080130A004AF00237B6100F013FB1D4B1B68002B4B
S315080130B021D00023FB600023BB603A1D07F10801FC
S315080130C007F10C031846FDF7DBFD7968BB68FA685A
S315080130D0029201930223009300230A4611491248DA
S315080130E0FEF780FF0346114A1360104B1B68002B3D
S315080130F001D001237B617B69002B0BD14FF0500373
S3150801310083F31188BFF36F8FBFF34F8F3B6100BF06
S3150801311000BFFDE77B6918461837BD4680BD00BF6D
S31508013120CC4D00200CF2010869320108D04D00206F
S3150801313080B58AB000AFF860B9607A603B60002359
S315080131407B62FB68002B0BD14FF0500383F3118888
S31508013150BFF36F8FBFF34F8F3B6200BF00BFFDE721
S31508013160194B1B68002B2AD0BB683B617B687B61C6
S31508013170FB68BB61BB68052B18DCFFF7ADFD034691
S31508013180022B09D1104B186807F1100100233A6B7D
S31508013190FEF7B0F8786212E00B4B186807F11001D8
S315080131A000230022FEF7A6F8786208E0064B1868A5
S315080131B007F1100100233A68FEF79EF978627B6AE7
S315080131C018462837BD4680BDCC4D002080B588B04D
S315080131D002AF78603960234B1B68DB68DB687B616B
S315080131E07B6904331846FDF7EFFD7B6993F82830B0
S315080131F003F00403002B23D07B699A697B68D118F5
S315080132007B683A68786900F0D5F80346002B20D028
S315080132100023009300237A6800217869FFF788FF65
S3150801322038613B69002B14D14FF0500383F31188A1
S31508013230BFF36F8FBFF34F8FFB6000BF00BFFDE782
S315080132407B6993F8283023F00103DAB27B6983F8A6
S3150801325028207B691B6A7869984700BF1837BD46DD
S3150801326080BD00BFC44D002080B584B000AF786032
S3150801327007F10803184600F059F8F860BB681946C3
S31508013280F86800F005F800F0D7F800BFF0E700008D
S3150801329080B584B000AF78603960FFF707F907F1A8
S315080132A00803184600F066F8F860BB68002B30D1B1
S315080132B03B68002B0AD17A68FB689A4206D8FFF761
S315080132C003F9F9687868FFF781FF24E03B68002B6A
S315080132D008D0134B1B681B68002B01D1012300E0A2
S315080132E000233B600F4B18687A68FB68D31A3A6863
S315080132F01946FEF743FEFFF7E7F80346002B0AD106
S31508013300094B4FF080521A60BFF34F8FBFF36F8F8F
S3150801331001E0FFF7D9F800BF1037BD4680BD00BFF1
S31508013320C84D0020CC4D002004ED00E080B485B0E6
S3150801333000AF78600E4B1B681B68002B01D1012278
S3150801334000E000227B681A607B681B68002B05D1A8
S31508013350074B1B68DB681B68FB6001E00023FB6009
S31508013360FB6818461437BD465DF8047B704700BFF5
S31508013370C44D002080B584B000AF7860FFF742F9EC
S31508013380F8600B4B1B68FA689A4205D200F03AF9C5
S315080133907B6801221A6002E07B6800221A60044AEF
S315080133A0FB681360FB6818461037BD4680BD00BF31
S315080133B0D44D002080B586B000AFF860B9607A6058
S315080133C03B6000237B61FB68BA685A60FB68FA6850
S315080133D01A61BA687B689A4212D87A683B68D21A27
S315080133E0FB689B699A4202D301237B611BE0104B60
S315080133F01A68FB68043319461046FDF7ACFC12E05F
S315080134007A683B689A4206D2BA683B689A4202D3FE
S3150801341001237B6107E0074B1A68FB6804331946E9
S315080134201046FDF798FC7B6918461837BD4680BDDE
S31508013430C84D0020C44D002080B58EB002AFCEE045
S315080134407B68002B19DA3B1D0433FB62FB6A002BF0
S315080134500BD14FF0500383F31188BFF36F8FBFF37E
S315080134604F8FFB6100BF00BFFDE7FB6A1B68FA6A65
S315080134705068FA6A9268114698477B68002BC0F231
S31508013480AE80FB68BB62BB6A5B69002B04D0BB6A72
S3150801349004331846FDF798FC3B461846FFF76AFFC2
S315080134A078627B68092B00F2978001A252F823F013
S315080134B0D9340108D9340108D93401084F3501082E
S315080134C063350108AF350108D9340108D934010833
S315080134D04F35010863350108BB6A93F8283043F074
S315080134E00103DAB2BB6A83F82820BA68BB6A9B690A
S315080134F0D118BB687A6AB86AFFF75CFF0346002BE6
S315080135006CD0BB6A1B6AB86A9847BB6A93F82830BD
S3150801351003F00403002B61D0BA68BB6A9B691A449D
S315080135200023009300230021B86AFFF701FE3862E1
S315080135303B6A002B52D14FF0500383F31188BFF336
S315080135406F8FBFF34F8FBB6100BF00BFFDE7BB6A3B
S3150801355093F8283023F00103DAB2BB6A83F82820EE
S315080135603DE0BB6A93F8283043F00103DAB2BB6A3F
S3150801357083F82820BA68BB6A9A61BB6A9B69002BE3
S315080135800BD14FF0500383F31188BFF36F8FBFF34D
S315080135904F8F7B6100BF00BFFDE7BB6A9A697B6AF3
S315080135A0D1187B6A7A6AB86AFFF704FF17E0BB6A23
S315080135B093F8283003F00203002B03D1B86A00F010
S315080135C0EBFB0CE0BB6A93F8283023F00103DAB26F
S315080135D0BB6A83F8282002E000BF00E000BF084B61
S315080135E01B68391D00221846FEF7B4F80346002B5E
S315080135F07FF426AF00BF00BF3037BD4680BD00BF90
S31508013600CC4D002080B588B002AF49E02E4B1B682F
S31508013610DB681B683B612C4B1B68DB68DB68FB605E
S31508013620FB6804331846FDF7CFFBFB681B6AF8688D
S315080136309847FB6893F8283003F00403002B2FD032
S31508013640FB689B693A691344BB60BA683B699A424D
S315080136500ED9FB68BA685A60FB68FA681A611A4B90
S315080136601A68FB68043319461046FDF774FB17E020
S315080136700023009300233A690021F868FFF758FDF3
S3150801368078607B68002B0BD14FF0500383F31188C8
S31508013690BFF36F8FBFF34F8F3B6000BF00BFFDE7DE
S315080136A0094B1B681B68002BB0D1074B1B687B6154
S315080136B0064B1B68044A1360044A7B69136000BF02
S315080136C01837BD4680BD00BFC44D0020C84D002037
S315080136D080B582B002AF00F06FF9154B1B68002B5D
S315080136E020D11448FDF7E6FA1348FDF7E3FA134B20
S315080136F0104A1A60124B104A1A6000230093114BA4
S31508013700114A10210A20FDF7F3FB0346084A136004
S31508013710074B1B68002B05D0054B1B680B49184640
S31508013720FEF7D8FB00F07AF900BFBD4680BD00BFA1
S31508013730CC4D00209C4D0020B04D0020C44D0020EA
S31508013740C84D0020784E0020D84D002014F20108FB
S3150801375080B485B000AFF860B9607A60FB68043B55
S31508013760FB60FB684FF080721A60FB68043BFB60E4
S31508013770BB6823F00102FB681A60FB68043BFB6027
S315080137800C4AFB681A60FB68143BFB607A68FB68A5
S315080137901A60FB68043BFB60FB686FF002021A6063
S315080137A0FB68203BFB60FB6818461437BD465DF88D
S315080137B0047B7047B937010880B485B000AF002390
S315080137C07B60134B1B68B3F1FF3F0BD04FF05003DF
S315080137D083F31188BFF36F8FBFF34F8FFB6000BF71
S315080137E000BFFDE74FF0500383F31188BFF36F8FD6
S315080137F0BFF34F8FBB6000BF00BF7B68002BFCD0B7
S3150801380000BF00BF1437BD465DF8047B704700BF93
S315080138102000002000000000000000000000000059
S31508013820074B19680868B0E8F04F80F30988BFF3B9
S315080138306F8F4FF0000080F311887047AFF3008057
S315080138409C48002000BF00BF08480068006880F354
S3150801385008884FF0000080F3148862B661B6BFF39A
S315080138604F8FBFF36F8F00DF00BF00BF08ED00E089
S3150801387080B586B000AF474B1B68474A93420BD1C8
S315080138804FF0500383F31188BFF36F8FBFF34F8F48
S315080138903B6100BF00BFFDE73E4B1B683F4A9342B1
S315080138A00BD14FF0500383F31188BFF36F8FBFF32A
S315080138B04F8FFB6000BF00BFFDE7394B7B617B691A
S315080138C01B78DBB27B607B69FF221A707B691B78E8
S315080138D0DBB2FB70FB78DBB203F05003DAB2314B93
S315080138E01A70314B07221A6009E02F4B1B68013BFE
S315080138F02D4A1360FB78DBB25B00DBB2FB70FB7809
S31508013900DBB203F08003802BEFD0274B1B68C3F192
S315080139100703042B0BD04FF0500383F31188BFF331
S315080139206F8FBFF34F8FBB6000BF00BFFDE71E4B14
S315080139301B681B021C4A13601B4B1B6803F4E063DC
S31508013940194A13607B68DAB27B691A70174B1B68D0
S31508013950164A43F470031360144B1B68134A43F069
S315080139607043136000F0DAF8114B00221A6000F078
S31508013970F9F8104B1B680F4A43F040431360FFF7F1
S3150801398063FFFEF71BFFFFF717FF002318461837DB
S31508013990BD4680BD00ED00E071C20F4170C20F4106
S315080139A000E400E0C84E0020CC4E002020ED00E0E7
S315080139B02000002034EF00E080B483B000AF4FF060
S315080139C0500383F31188BFF36F8FBFF34F8F7B606B
S315080139D000BF104B1B6801330E4A13600D4B1B6861
S315080139E0012B10D10C4B1B68DBB2002B0BD04FF00F
S315080139F0500383F31188BFF36F8FBFF34F8F3B607B
S31508013A0000BF00BFFDE700BF0C37BD465DF8047B6C
S31508013A10704700BF2000002004ED00E080B483B0A9
S31508013A2000AF124B1B68002B0BD14FF0500383F3E9
S31508013A301188BFF36F8FBFF34F8F7B6000BF00BF45
S31508013A40FDE70A4B1B68013B084A1360074B1B68D5
S31508013A50002B05D100233B603B6883F3118800BF27
S31508013A6000BF0C37BD465DF8047B70472000002077
S31508013A70EFF30980BFF36F8F154B1A681EF0100F0D
S31508013A8008BF20ED108A20E9F04F10602DE90900E2
S31508013A904FF0500080F31188BFF34F8FBFF36F8F3C
S31508013AA0FEF78CFE4FF0000080F3118809BC1968F7
S31508013AB00868B0E8F04F1EF0100F08BFB0EC108A86
S31508013AC080F30988BFF36F8F704700BFAFF300809B
S31508013AD09C48002000BF00BF80B582B000AF4FF000
S31508013AE0500383F31188BFF36F8FBFF34F8F7B604A
S31508013AF000BFFEF7A9FD0346002B03D0064B4FF086
S31508013B0080521A6000233B603B6883F3118800BF2B
S31508013B1000BF0837BD4680BD04ED00E080B400AFA4
S31508013B200B4B00221A600B4B00221A600A4B1B68CA
S31508013B300A4AA2FB03239B09094A013B1360044B6A
S31508013B4007221A6000BFBD465DF8047B704700BFB7
S31508013B5010E000E018E000E000000020D34D6210FC
S31508013B6014E000E0DFF80C00016841F4700101601F
S31508013B70704700BF88ED00E080B485B000AFEFF371
S31508013B800583FB60FB680F2B15D9184AFB6813449C
S31508013B901B78FB72164B1B78FA7A9A420BD24FF0B6
S31508013BA0500383F31188BFF36F8FBFF34F8F7B6089
S31508013BB000BF00BFFDE70F4B1B6803F4E0620E4B25
S31508013BC01B689A420BD94FF0500383F31188BFF350
S31508013BD06F8FBFF34F8F3B6000BF00BFFDE700BF8C
S31508013BE01437BD465DF8047B704700BFF0E300E07B
S31508013BF0C84E00200CED00E0CC4E002080B58AB0FE
S31508013C0000AF78600023FB61FEF750FC5C4B1B6834
S31508013C10002B01D100F024F95A4B1A687B6813402E
S31508013C20002B40F095807B68002B1ED008227B680C
S31508013C3013447B607B6803F00703002B15D07B6870
S31508013C4023F0070308337B607B6803F00703002B27
S31508013C500BD04FF0500383F31188BFF36F8FBFF377
S31508013C604F8F7B6100BF00BFFDE77B68002B6FD0DC
S31508013C70454B1B687A689A426AD8444B3B62434B68
S31508013C801B687B6204E07B6A3B627B6A1B687B621A
S31508013C907B6A5B687A689A4203D97B6A1B68002B40
S31508013CA0F1D1374B1B687A6A9A4251D03B6A1B6835
S31508013CB008221344FB617B6A1A683B6A1A607B6AAD
S31508013CC05A687B68D21A08235B009A4220D97A6A15
S31508013CD07B681344BB61BB6903F00703002B0BD058
S31508013CE04FF0500383F31188BFF36F8FBFF34F8FE4
S31508013CF03B6100BF00BFFDE77B6A5A687B68D21A41
S31508013D00BB695A607B6A7A685A60B86900F00AF931
S31508013D101D4B1A687B6A5B68D31A1B4A13601A4BD8
S31508013D201A681B4B1B689A4203D2174B1B68184A21
S31508013D3013607B6A5A68134B1B681A437B6A5A607D
S31508013D407B6A00221A60134B1B680133114A136000
S31508013D50FEF7BAFBFB6903F00703002B0BD04FF004
S31508013D60500383F31188BFF36F8FBFF34F8FFB6047
S31508013D7000BF00BFFDE7FB6918462837BD4680BD71
S31508013D80D88A0020EC8A0020DC8A0020D08A00200C
S31508013D90E08A0020E48A002080B586B000AF78600A
S31508013DA07B687B617B68002B4FD008235B427A696D
S31508013DB013447B617B693B613B695A68254B1B68E8
S31508013DC01340002B0BD14FF0500383F31188BFF337
S31508013DD06F8FBFF34F8FFB6000BF00BFFDE73B69E5
S31508013DE01B68002B0BD04FF0500383F31188BFF3E8
S31508013DF06F8FBFF34F8FBB6000BF00BFFDE73B6905
S31508013E005A68144B1B681340002B1ED03B691B686C
S31508013E10002B1AD13B695A680E4B1B68DB431A40C3
S31508013E203B695A60FEF742FB3B695A680A4B1B68B5
S31508013E301344094A1360386900F074F8074B1B6884
S31508013E400133064A1360FEF73FFB00BF1837BD462C
S31508013E5080BD00BFEC8A0020DC8A0020E88A0020A9
S31508013E6080B485B000AF4FF47053BB60274BFB603D
S31508013E70FB6803F00703002B0CD0FB680733FB60D4
S31508013E80FB6823F00703FB60BA68FB68D31A1F4A6D
S31508013E901344BB60FB687B601D4A7B6813601C4B3F
S31508013EA000225A607B68BA681344FB600822FB68E3
S31508013EB09B1AFB60FB6823F00703FB60FB68154A46
S31508013EC01360144B1B6800225A60124B1B680022B0
S31508013ED01A607B683B603B68FA68D21A3B685A608D
S31508013EE00C4B1A683B681A603B685B680A4A1360A0
S31508013EF03B685B68094A1360094B4FF000421A6038
S31508013F0000BF1437BD465DF8047B7047D04E0020CC
S31508013F10D08A0020D88A0020E08A0020DC8A002086
S31508013F20EC8A002080B485B000AF7860284BFB602E
S31508013F3002E0FB681B68FB60FB681B687A689A42AB
S31508013F40F7D8FB68BB60FB685B68BA6813447A6894
S31508013F509A4208D1FB685A687B685B681A44FB6811
S31508013F605A60FB687B607B68BB607B685B68BA6884
S31508013F701A44FB681B689A4218D1FB681A68154BE4
S31508013F801B689A420DD07B685A68FB681B685B6898
S31508013F901A447B685A60FB681B681A687B681A6052
S31508013FA008E00C4B1A687B681A6003E0FB681A681C
S31508013FB07B681A60FA687B689A4202D0FB687A685D
S31508013FC01A6000BF1437BD465DF8047B704700BF11
S31508013FD0D08A0020D88A002080B584B000AF7860E6
S31508013FE0396007F0C1FAF860FB68B3F1FF3F0BD1FE
S31508013FF013480AF018F800223968786809F0A0FF12
S315080140000F480AF001F818E0FB68002B02D107F007
S3150801401071FAE6E70A480AF006F8FA68396878682C
S3150801402009F08EFFB860064809F0EEFFBB68B3F1E8
S31508014030FF3F02D107F05EFAD3E71037BD4680BDD0
S31508014040FC8A002080B584B000AF7860104809F07A
S31508014050DBFF104B1B68002B05D00E4B1B680E4A65
S3150801406012681046984707F10C0319460B48FFF7E3
S31508014070B3FFFB68002B06D1094B912209490A486F
S315080140800AF01CF903E0FB68184600F00FF8EAE7A6
S31508014090FC8A0020F08A0020F48A0020F88A002091
S315080140A01CF201084CF201086CF2010880B582B0D5
S315080140B000AF78607B681B78022B26D0022B2BDC9D
S315080140C0002B02D0012B15D026E07B68DB687A68C5
S315080140D050687A689268114698470346002B04D0BF
S315080140E07B685B68184601F00BFD7968092000F0CA
S315080140F063FE18E07B685B687A68926810469847A1
S315080141007968082000F058FE0DE07B685B687A68DC
S3150801411092681046984706E0054BCF22054906489E
S315080141200AF0CCF800BF00BF0837BD4680BD00BF06
S315080141301CF201084CF201086CF2010880B586B040
S3150801414000AFF860B9607A601A4809F02AFF034699
S31508014150002B05D1184BFC22184919480AF0AEF86C
S31508014160092000F0B3FD78617B69002B02D14FF07D
S31508014170FF331AE07B6900221A707B69FA685A6074
S315080141807B69BA689A607B697A68DA6079690948ED
S3150801419009F0BCFE0346002B06D07969092000F018
S315080141A00BFE4FF0FF3300E0002318461837BD46D3
S315080141B080BD00BFF88A00201CF2010894F20108AC
S315080141C06CF2010880B582B000AF786039603B684F
S315080141D093F82D3003F01803002B06D0084A3968E6
S315080141E07868FFF7ABFF034605E0064A3968786841
S315080141F0FFF7A4FF034618460837BD4680BD00BF32
S315080142002DDD010835CC010880B584B000AF786092
S315080142103960194809F0C5FE0346002B06D1174B2C
S3150801422040F25D12164917480AF048F8082000F0CE
S315080142304DFDF860FB68002B02D14FF0FF3317E004
S31508014240FB6801221A70FB687A685A60FB683A684B
S315080142509A60F968084809F059FE0346002B06D00A
S31508014260F968082000F0A8FD4FF0FF3300E00023AD
S3150801427018461037BD4680BDF88A00201CF2010891
S3150801428094F201086CF2010880B584B002AF786037
S31508014290396000F071F8174A7B681360164A3B6863
S315080142A013600621154809F017FE0346002B06D0B0
S315080142B0134B40F261221349134809F0FFFF1348D3
S315080142C009F08CFE0346002B06D00D4B40F2652201
S315080142D00F490D4809F0F2FF182300934FF4806344
S315080142E000220C490C4809F0ABFE00BF0837BD4651
S315080142F080BD00BFF08A0020F48A0020F88A0020D9
S315080143001CF20108A4F201086CF20108FC8A0020DB
S31508014310C8F2010845400108ECF2010880B483B0EF
S3150801432000AF0346FB80FB881B021AB2FB881B0AF7
S315080143309BB21BB213431BB29BB218460C37BD4640
S315080143405DF8047B704780B483B000AF78607B6802
S315080143501A067B681B0203F47F031A437B681B0A50
S3150801436003F47F431A437B681B0E134318460C3725
S31508014370BD465DF8047B704780B582B000AF002367
S315080143807B6009F01FFE00F0D5F800F031FC00F063
S315080143903DFD07F021F901F04DFE07F063F800BF76
S315080143A00837BD4680BD000080B483B000AF034620
S315080143B0FB80054B1A68FB88134418460C37BD4623
S315080143C05DF8047B704700BF2C8F002080B483B052
S315080143D000AF7860054B1B687A68D31A9BB21846FA
S315080143E00C37BD465DF8047B704700BF2C8F002053
S315080143F090B585B000AF7860454B1B687A689A42DC
S3150801440006D2444B40F2DF124349444809F056FFAD
S31508014410434B1B687A689A4206D33E4B4FF4F072B7
S3150801442040493E4809F04AFF7B681B79002B06D0B4
S31508014430384B40F2E1123C49384809F03FFF7B68A6
S315080144401B88B3F5806F06D9324B4FF4F2723749A0
S31508014450324809F033FF7B681B881846FFF7A4FF2B
S31508014460F8607A68FB689A4224D0FB681B79002BAE
S3150801447020D12B4B1B68FA689A421BD02C4B1B6820
S31508014480FA689A4202D12A4A7B681360FB681A883D
S315080144907B681A80FB681B88B3F5806F0AD0FB68B6
S315080144A01B881846FFF780FF04467868FFF78EFFDA
S315080144B0034663807B685B881846FFF775FFB8601B
S315080144C0BA687B689A421FD0BB681B79002B1BD13F
S315080144D0174B1B687A689A4202D1154ABB68136062
S315080144E07B681A88BB681A807B681B88B3F5806F5E
S315080144F00AD07B681B881846FFF756FF0446B8683A
S31508014500FFF764FF0346638000BF1437BD4690BDBD
S315080145102C8F0020FCF201082CF3010844F3010852
S31508014520308F00206CF3010888F30108A4F3010811
S31508014530388F002080B582B000AF1F4B033323F0BC
S3150801454003031A461D4B1A601C4B1B687B607B686C
S315080145504FF480621A807B6800225A807B680022A9
S315080145601A714FF48060FFF71FFF0346144A136060
S31508014570134B1B6801221A71114B1B684FF4806299
S315080145801A800F4B1B684FF480625A800B4B1B68CD
S315080145900C4A13600C4809F021FD0346002B06D08E
S315080145A00A4B40F21F220A490A4809F087FE00BF52
S315080145B00837BD4680BD00BF188B00202C8F002010
S315080145C0308F0020388F0020348F0020FCF201083C
S315080145D0D0F3010844F3010880B586B000AF7860CE
S315080145E07868FFF7F3FE0346FB827B681B8818464B
S315080145F0FFF7DAFE38617B685B881846FFF7D4FE59
S31508014600F8607B681B88B3F5806F18D87B685B8870
S31508014610B3F5806F13D87B685B88FA8A9A4204D00F
S31508014620FB681B88FA8A9A4209D1084B1B683A69C2
S315080146309A4206D03B695B88FA8A9A4201D00023DE
S3150801464000E0012318461837BD4680BD308F00208B
S3150801465080B588B000AF78607B68002B70D07B6826
S3150801466003F00303002B0DD0374B40F27322374971
S31508014670374809F023FE09F003FDF860F86809F0E8
S315080146800DFD5EE07B68083BFB61324B1B68FA69EE
S315080146909A4206D37B6803F10C022F4B1B689A4298
S315080146A00DD9294B40F27F222C49294809F006FEEB
S315080146B009F0E6FC3861386909F0F0FC41E0284860
S315080146C009F0A2FCFB691B79002B10D11E4B4FF494
S315080146D0237224491E4809F0F1FD214809F0A3FC7B
S315080146E009F0CEFC7861786909F0D8FC29E0F86907
S315080146F0FFF772FF0346002B10D1134B40F29522A8
S315080147001949134809F0DAFD154809F08CFC09F036
S31508014710B7FCB861B86909F0C1FC12E0FB6900226F
S315080147201A71124B1B68FA699A4202D20F4AFB693F
S315080147301360F869FFF75CFE094809F074FC00E0AC
S3150801474000BF2037BD4680BDFCF20108ECF3010825
S3150801475044F301082C8F0020308F002010F4010843
S31508014760348F00202CF4010854F40108388F0020F6
S3150801477080B588B000AF78600B467B807B880333B1
S315080147809BB223F00303FB83FB8B0B2B01D80C2372
S31508014790FB83FB8BB3F5806F03D8FA8B7B889A4230
S315080147A001D20023D8E06E4B1B687A689A4204D37B
S315080147B06C4B1B687A689A4206D36B4B40F2D1223E
S315080147C06A496B4809F07AFD654B1B687A689A4213
S315080147D004D3644B1B687A689A4207D309F050FCE4
S315080147E0B860B86809F05AFC7B68B5E07B68083B95
S315080147F0BB61B869FFF7EAFD0346FB82BB691A8804
S31508014800FB8AD31A9BB2083BBB82FA8BBB8A9A42B4
S3150801481006D9554B4FF439725649554809F04EFD9C
S31508014820FA8BBB8A9A4201D9002395E0FA8BBB8A97
S315080148309A4201D17B688FE04F4809F0E5FBBB69D5
S315080148401B881846FFF7B0FD38613B691B79002BB9
S315080148503FD1BB691B88B3F5806F06D1424B40F245
S31508014860F5224649424809F029FD3B691B88BB8167
S31508014870FA8AFB8B13449BB20833FB81404B1B68B6
S315080148803A699A4206D1FB891846FFF78DFD034618
S315080148903B4A1360FB891846FFF786FD38613B6979
S315080148A000221A713B69BA891A803B69FA8A5A80C9
S315080148B0BB69FA891A803B691B88B3F5806F47D0B3
S315080148C03B691B881846FFF76FFD0246FB89538033
S315080148D03EE0FB8B03F11402BB8A9A4238D8FA8A66
S315080148E0FB8B13449BB20833FB81BB691B88B3F569
S315080148F0806F06D11C4B40F2163220491C4809F03C
S31508014900DDFCFB891846FFF74FFD38611C4B1B6818
S315080149103A699A4202D21A4A3B6913603B690022F4
S315080149201A71BB691A883B691A803B69FA8A5A80E7
S31508014930BB69FA891A803B691B88B3F5806F07D072
S315080149403B691B881846FFF72FFD0246FB895380F2
S31508014950094809F068FB7B6818462037BD4680BDC3
S315080149602C8F0020308F0020FCF2010888F4010802
S3150801497044F30108A0F40108348F0020C0F40108AB
S31508014980388F002080B588B000AF0346FB80FB88CE
S31508014990002B01D10023E2E0FB8803339BB223F00D
S315080149A00303BB83BB8B0B2B01D80C23BB83BB8BAC
S315080149B0B3F5806F03D8BA8BFB889A4201D20023DC
S315080149C0CDE0694809F020FB684B1B681846FFF7DC
S315080149D0FDFC0346FB83B7E0FB8B1846FFF7E4FCB7
S315080149E078617B691B79002B40F0A7807B691B885E
S315080149F01A46FB8BD31AA3F10802BB8B9A42C0F065
S31508014A009C807B691B881A46FB8BD31AA3F1080283
S31508014A10BB8B14339A4233D3FA8BBB8B13449BB2A9
S31508014A2008337B827B8AB3F5806F06D1504B40F2FF
S31508014A3087325049504809F041FC7B8A1846FFF7EE
S31508014A40B3FCF860FB6800221A717B691A88FB6857
S31508014A501A80FB68FA8B5A807B697A8A1A807B6985
S31508014A6001221A71FB681B88B3F5806F0BD0FB68AE
S31508014A701B881846FFF798FC02467B8A538002E09A
S31508014A807B6901221A71394B1B687A699A4227D1C7
S31508014A90364B1B68BB6105E0BB691B881846FFF7E7
S31508014AA083FCB861BB691B79002B04D0334B1B68A7
S31508014AB0BA699A42F0D12D4ABB6913602B4B1A6821
S31508014AC02E4B1B689A420BD0284B1B681B79002B6F
S31508014AD006D0274B40F2B5322949274809F0EEFBA3
S31508014AE0214809F0A0FABA8B7B6913440833234A93
S31508014AF01268934206D91E4B40F2B93221491E4823
S31508014B0009F0DCFB7B6903F00303002B06D0184B85
S31508014B1040F2BB321C49184809F0D0FB7B6903F007
S31508014B200303002B06D0124B40F2BD321749124837
S31508014B3009F0C4FB7B69083311E0FB8B1846FFF7C4
S31508014B4033FC03461B88FB83FA8BBB8BC3F5806357
S31508014B509A42FFF441AF044809F065FA0023184662
S31508014B602037BD4680BD00BF348F0020388F002016
S31508014B70FCF20108C0F4010844F30108308F002053
S31508014B80D4F40108F0F4010820F5010850F50108EC
S31508014B9080B485B000AF78607B689B6800221A6094
S31508014BA07B685B68033323F00303BB600023FB6068
S31508014BB011E07B689B681A68BB681A607B689B680A
S31508014BC0BA681A607B681B881A46BB681344BB60BF
S31508014BD0FB680133FB607B685B881A46FB68934276
S31508014BE0E7DB00BF00BF1437BD465DF8047B70479D
S31508014BF080B582B000AF0023FB8009E0FB88084A34
S31508014C0052F823301846FFF7C3FFFB880133FB80B0
S31508014C10FB880C2BF2D900BF00BF0837BD4680BD03
S31508014C20881D020880B584B000AF786009F028FABB
S31508014C30F8607B689B681B68BB60BB68002B15D056
S31508014C407B689B68BA6812681A60BB6803F003033D
S31508014C50002B06D0094B4FF48C720949094809F013
S31508014C602DFBF86809F01AFABB6803E0F86809F041
S31508014C7015FA002318461037BD4680BD74F501089C
S31508014C80A4F50108C8F5010880B582B000AF7860BF
S31508014C907B68002B06D10A4B4FF49E7209490A48D4
S31508014CA009F00CFB7B68002B01D1002303E078682F
S31508014CB0FFF7B8FF034618460837BD4680BD00BF53
S31508014CC074F50108F0F50108C8F5010880B584B046
S31508014CD000AF0346FB71FB790C2B08D90A4B40F24E
S31508014CE057120A490A4809F0E9FA002308E0FB794C
S31508014CF0084A52F823301846FFF794FFF860FB6814
S31508014D0018461037BD4680BD74F5010804F601083A
S31508014D10C8F50108881D020880B584B000AF78601F
S31508014D2039603B6803F00303002B06D00D4B4FF4A3
S31508014D30B6720D490D4809F0C1FA3B68FB6009F0E6
S31508014D409FF9B8607B689B681A68FB681A607B687C
S31508014D509B68FA681A60B86809F0A0F900BF1037AD
S31508014D60BD4680BD74F5010824F60108C8F5010899
S31508014D7080B582B000AF786039607B68002B06D1B8
S31508014D800A4B40F295120A490A4809F097FA7B68D4
S31508014D90002B07D03B68002B04D039687868FFF7E9
S31508014DA0BBFF00E000BF0837BD4680BD74F50108AA
S31508014DB0F0F50108C8F5010880B582B000AF0346D1
S31508014DC03960FB71FB790C2B07D90C4B4FF4D57263
S31508014DD00B490C4809F072FA0CE03B68002B08D025
S31508014DE0FB79094A52F8233039681846FFF794FFC8
S31508014DF000E000BF0837BD4680BD00BF74F5010855
S31508014E0044F60108C8F50108881D020880B400AFF8
S31508014E1000BFBD465DF8047B7047000080B586B0CB
S31508014E2000AFF860B9607A603B60FB68002B08D177
S31508014E30574B40F227125749574809F03FFA0023C2
S31508014E40A2E07B6A002B08D1514B4FF49472534967
S31508014E50514809F033FA002396E0BB68002B01D1CB
S31508014E604F4BBB607B68002B01D14D4B7B603B6888
S31508014E70002B01D14A4B3B60FB6800225A60FB6854
S31508014E8000229A60FB680022DA60FB68454A5A618B
S31508014E90FB6800229A84FB68002283F82D20FB68B0
S31508014EA00022DA61FB683A6A1A623F4B1A78FB6894
S31508014EB083F83020FB68BA6A1A613B687A68B96870
S31508014EC0F86800F013F97B6AF86898470346002BDF
S31508014ED001D0002358E0FB6893F83030FF2B03D14B
S31508014EE0FB68002283F8302000233B612F4B1B68A7
S31508014EF07B612BE07A69FB689A4206D1244B40F222
S31508014F008B122B49244809F0D9F93B6901333B61D6
S31508014F103B69FF2B06DD1E4B40F28D1225491E48C3
S31508014F2009F0CCF97B6993F83020FB6893F83030A7
S31508014F309A4208D1FB6893F830300133DAB2FB683C
S31508014F4083F8302005E07B691B687B617B69002B50
S31508014F50D0D17B69002BBED1FB6893F83030FE2B8C
S31508014F6003D1114B00221A7006E0FB6893F8303022
S31508014F700133DAB20C4B1A700C4B1A68FB681A60CB
S31508014F800A4AFB681360FB6818461837BD4680BD98
S31508014F9060F60108F4F60108B0F6010810F70108F1
S31508014FA0FC1D0208C753010810C0002008C00020D4
S31508014FB034F7010848F7010880B582B000AF786078
S31508014FC039603968786802F07FFB3968786806F0D5
S31508014FD08DFC00BF0837BD4680BD000080B586B090
S31508014FE000AFF860B9607A60BB68002B06D11D4B2B
S31508014FF040F2CB121C491D4809F060F97B68002B69
S3150801500006D1184B4FF4E6721749184809F056F9B4
S31508015010BB681A68FB6804331B689A421CD0BB68D4
S315080150201B687B61FB6804331A687B681A6007F1A1
S31508015030140319467868FFF7BFFFBB68002B02D037
S31508015040BB681B6800E00023FA6853600121F86811
S3150801505000F0D2F8012300E0002318461837BD46B0
S3150801506080BD00BF60F6010878F70108B0F60108AF
S3150801507080B485B000AFF860B9607A60BB681A6819
S31508015080FB6808331B689A420AD0BB68002B02D01A
S31508015090BB681B6800E00023FA689360012300E0FF
S315080150A0002318461437BD465DF8047B704780B463
S315080150B085B000AFF860B9607A60BB681A68FB68AA
S315080150C00C331B689A420AD0BB68002B02D0BB6816
S315080150D01B6800E00023FA68D360012300E000237F
S315080150E018461437BD465DF8047B704780B588B00D
S315080150F000AFF860B9607A603B600023FB6100236A
S31508015100BB61BB68002B01D11C4BBB607B68002BC4
S3150801511001D11A4B7B603B68002B01D1174B3B60D1
S31508015120BB68002B03D0BB681B68002B01D1012388
S3150801513000E000237B617B69002B06D007F1100391
S315080151401A46B968F868FFF749FFFA697968F8688D
S31508015150FFF78EFFBA693968F868FFF7A8FF7B6918
S31508015160002B06D107F110031A46B968F868FFF74C
S3150801517035FF00BF2037BD4680BD00BFFC1D0208B4
S3150801518080B483B000AF7860044A7B68136000BFBF
S315080151900C37BD465DF8047B704700BF0CC0002084
S315080151A080B582B000AF78607B68002B07D10F4BC2
S315080151B04FF454720E490F4809F080F813E07B68E2
S315080151C093F82D3003F00103002B0CD17B6893F87B
S315080151D02D3043F00103DAB27B6883F82D200321D1
S315080151E0786800F009F80837BD4680BD60F6010801
S315080151F0E8F70108B0F6010880B582B000AF78601B
S315080152000B46FB707B68002B06D1184B40F26D32BA
S315080152101749184809F052F87B6893F82D3003F0BE
S315080152200403002B1ED07B6893F82D3003F001038D
S31508015230002B17D0FB7803F00103002B13D07B68F2
S3150801524004331B68002B0ED07B6893F82D3003F0CE
S315080152500803002B07D07B6804331946786807F0E2
S31508015260AFFA00E000BF0837BD4680BD60F6010809
S3150801527004F80108B0F6010880B582B000AF78607D
S315080152807B68002B07D1124B40F29B321149124819
S3150801529009F014F819E07B6893F82D3003F001033F
S315080152A0002B12D07B6893F82D3023F00103DAB274
S315080152B07B6883F82D207B6893F82D3003F008036B
S315080152C0002B02D0786806F039FE0837BD4680BD46
S315080152D060F6010828F80108B0F6010880B582B021
S315080152E000AF78607B68002B07D1134B4FF47872B7
S315080152F01249134808F0E2FF1BE07B6893F82D304A
S3150801530003F00403002B14D17B6893F82D3043F086
S315080153100403DAB27B6883F82D2003217868FFF746
S315080153206BFF7B68DB69002B03D07B68DB697868D8
S3150801533098470837BD4680BD60F6010848F8010858
S31508015340B0F6010880B582B000AF78607B68002BA3
S3150801535007D1114B40F206421049114808F0AEFF39
S3150801536017E07B6893F82D3003F00403002B10D067
S315080153707B6893F82D3023F00403DAB27B6883F84F
S315080153802D207B68DB69002B03D07B68DB69786895
S3150801539098470837BD4680BD60F601086CF80108D4
S315080153A0B0F6010880B483B000AF786039607B68D5
S315080153B0002B02D07B683A68DA6100BF0C37BD461C
S315080153C05DF8047B704780B485B000AFF860B960BA
S315080153D07A606FF00B0318461437BD465DF8047BF7
S315080153E07047000080B485B000AF0346FB71FB79B6
S315080153F0002B13D00D4B1B68FB600CE0FB6893F880
S3150801540030300133DBB2FA799A4201D1FB6806E002
S31508015410FB681B68FB60FB68002BEFD1002318466D
S315080154201437BD465DF8047B704700BF08C00020ED
S3150801543080B582B000AF08F023FE38600D4B00221C
S315080154401A70386808F02AFE0B4B1B687B600AE065
S315080154507B685B6F002B03D0786802F073F905E06F
S315080154607B68DB687B607B68002BF1D10837BD461A
S3150801547080BD00BF11C0002020C0002080B582B0C9
S3150801548000AF7860FFF7D4FF00BF0837BD4680BD7F
S3150801549080B582B000AF08F0F3FD78600F4B1B783A
S315080154A0FB700E4B01221A70786808F0F7FDFB783D
S315080154B0002B0FD100210A48FEF7A6FE0346002B52
S315080154C008D008F0DDFD7860044B00221A70786870
S315080154D008F0E4FD00BF0837BD4680BD11C00020B5
S315080154E07D54010880B485B000AFF860B9601146F3
S315080154F01A460B46FB801346BB80FB6800221A60DE
S31508015500FB68BA685A60FB68FA881A81FB68BA8828
S315080155105A813B8BDAB2FB681A73FB683A7F5A7376
S31508015520FB6801229A73FB680022DA7300BF1437FD
S31508015530BD465DF8047B704780B58CB002AF034663
S31508015540FB710B46BB8013467B80FB797B847B888A
S31508015550B3F5207F7FD0B3F5207F00F3C880B3F57C
S31508015560C17F10D0B3F5C17F00F3C180012B02D0F2
S31508015570412B40F0BC807A88BB881946002000F090
S31508015580D1F87862BDE000237B620023FB61BB880A
S315080155907B830C20FFF79AFB38613B69002B09D105
S315080155A0FFF776FF7B6A002B02D0786A00F0A8FA2B
S315080155B00023A7E07B8C03339BB223F003039BB242
S315080155C0C3F514739BB27A8B934228BF1346FB81AA
S315080155D07B8C10333A691344033323F003031846CB
S315080155E0F9897A8B002301937B8800930B46014640
S315080155F03869FFF777FF3B695B6803F00303002B04
S3150801560006D0424B4FF480724149424808F056FE93
S315080156107B8C033323F00303B3F5147F06D13B4B8D
S315080156204FF481723C493B4808F048FE7B6A002BDF
S3150801563002D13B697B6202E0FB693A691A603B6900
S31508015640FB617A8BFB89D31A7B8300237B847B8B53
S31508015650002B9ED155E07B8C03339BB223F00303C9
S315080156609AB2BB8803339BB223F003039BB213445C
S315080156703B833B8B1033FB823A8BBB88033323F086
S3150801568003039A4206D3FA8ABB88033323F003033A
S315080156909A4201D2002335E0FB8A1846FFF772F9D0
S315080156A078627B6A002B01D100232BE07B8C1033B7
S315080156B07A6A1344033323F003031846B988BA8870
S315080156C0002301937B8800930B460146786AFFF70E
S315080156D009FF7B6A5B6803F00303002B10D00B4BB1
S315080156E04FF491720D490B4808F0E8FD08E0074BA5
S315080156F040F227120A49074808F0E0FD002301E0B5
S3150801570000BF7B6A18462837BD4680BD90F8010858
S31508015710C0F80108F0F8010818F901084CF9010860
S3150801572078F9010880B586B002AF78600B467B80B0
S3150801573013463B803B88412B09D03B88012B06D079
S315080157400F4B4FF4A5720F490F4808F0B7FD0B2010
S31508015750FFF7BCFAF860FB68002B01D100230BE0C8
S3150801576079887A88002301933B8800930B467968E8
S31508015770F868FFF7B7FEFB6818461037BD4680BDC7
S3150801578090F8010894F90108F0F8010880B588B085
S3150801579002AF7B600346FB730B46BB8113467B81D5
S315080157A0FB7B7B827B8A033323F00302BB891A4482
S315080157B0BB8C9A4201D9002318E03B6A002B07D01B
S315080157C07B8A033323F003033A6A13447B6101E0BE
S315080157D000237B617868B989BA89022301937B8999
S315080157E000930B467969FFF77DFE7B6818461837E3
S315080157F0BD4680BD80B584B000AF78600B467B801E
S315080158007B68002B06D13A4B4FF4CC7239493A489A
S3150801581008F054FD7B681B897A889A4263D27B68B3
S315080158201A897B88D31A3B817B887B817B68FB60DD
S3150801583018E0FB685B897A89D31A7B81FB681A8928
S315080158403B89D31A9AB2FB681A81FB681B68FB600D
S31508015850FB68002B06D1264B40F2AF122749264892
S3150801586008F02CFDFB685B897A899A42E1D8FB68C6
S315080158701B7B03F00F03002B21D1FB685B897A8917
S315080158809A421CD0FB685B7B03F00203002B16D1FE
S31508015890FB685A68FB68D31A9AB27B8913449BB290
S315080158A01946F868FEF764FFF860FB68002B06D115
S315080158B00F4B40F2BD1212490F4808F0FFFCFB6876
S315080158C07A895A81FB685A89FB681A81FB681B68C1
S315080158D0002B04D0FB681B68184600F011F9FB6819
S315080158E000221A6000E000BF1037BD4680BD00BF28
S315080158F090F80108A8F90108F0F80108C0F90108AB
S31508015900D8F9010880B586B000AFF860B9601346CA
S31508015910FB71FB68002B06D12B4B40F2DF122B499A
S315080159202B4808F0CBFCFB68002B03D0BB68B3F50A
S31508015930803F01D3012343E0BB68002B01D100233B
S315080159403EE0BB687B82FB681A897B8A13449BB25B
S315080159507A8A9A4201D9012332E0FB681B7B3B8292
S315080159603B8A03F08003002B0CD0FB685A68BB689E
S315080159705B4213447B61FB6810337A699A420DD204
S3150801598001231DE0FB79002B06D0FB685A68BB682A
S315080159905B4213447B6101E0012311E0FB687A69EC
S315080159A05A60FB685A897B8A13449AB2FB685A8102
S315080159B0FB681A897B8A13449AB2FB681A81002309
S315080159C018461837BD4680BD90F80108F4F9010854
S315080159D0F0F8010880B582B000AF7860396000221E
S315080159E039687868FFF78EFF034618460837BD46BB
S315080159F080BD000080B584B000AF786039607B68EF
S31508015A00002B06D1204B40F24B222049204808F0B2
S31508015A1055FC7B68002B03D03B68B3F5803F01D367
S31508015A2001232CE03B68002B01D1002327E03B68CA
S31508015A30FB817B685B89FA899A4208D9124B40F245
S31508015A4055221449124808F039FC012317E07B68EE
S31508015A505B68BB607B685A683B681A447B685A6016
S31508015A607B685A89FB89D31A9AB27B685A817B6803
S31508015A701A89FB89D31A9AB27B681A8100231846B8
S31508015A801037BD4680BD00BF90F80108F4F901083A
S31508015A90F0F8010800FA010880B582B000AF786015
S31508015AA00B467B8013467B70B7F90230002B08DA68
S31508015AB0B7F902305B4219467868FFF79BFF034640
S31508015AC007E0B7F902307A7819467868FFF71AFFBE
S31508015AD0034618460837BD4680BD80B582B000AF7B
S31508015AE078600B467B80B7F902300122194678683F
S31508015AF0FFF7D2FF034618460837BD4680BD0000AA
S31508015B0080B588B000AF78607B68002B0BD17B68C5
S31508015B10002B06D13B4B4FF437723B493B4808F003
S31508015B20CDFB002369E00023FB7762E008F0A8FAC1
S31508015B30B8617B689B7B002B06D1324B40F2F12280
S31508015B403349324808F0BAFB7B689B7B013BDAB2E2
S31508015B507B689A737B689B7BFB75B86908F09EFA2C
S31508015B60FB7D002B43D17B681B683B617B681B7BF4
S31508015B7003F00F03FB737B685B7B03F00203002BC7
S31508015B8011D07B68BB60BB681B69002B06D11D4B16
S31508015B9040F2FF221F491D4808F090FBBB681B69AC
S31508015BA0786898471DE0FB7B022B04D179680C20A5
S31508015BB0FFF702F915E0FB7B012B04D179680B206D
S31508015BC0FFF7FAF80DE0FB7B002B03D17868FEF7A7
S31508015BD03FFD06E00B4B40F20F320F490B4808F028
S31508015BE06DFBFB7F0133FB773B697B6001E000239B
S31508015BF07B607B68002B99D1FB7F18462037BD4611
S31508015C0080BD00BF90F80108F4F90108F0F8010811
S31508015C1020FA010838FA01085CFA010880B485B04F
S31508015C2000AF78600023FB8105E0FB890133FB8126
S31508015C307B681B687B607B68002BF6D1FB8918465D
S31508015C401437BD465DF8047B7047000080B584B003
S31508015C5000AF78607B68002B16D008F011FAF8605F
S31508015C607B689B7B0133DAB27B689A73F86808F024
S31508015C7015FA7B689B7B002B06D1054B40F2423215
S31508015C800449054808F01AFB00BF1037BD4680BD18
S31508015C9090F8010870FA0108F0F8010880B584B097
S31508015CA000AF786039607B68002B02D03B68002B17
S31508015CB007D1204B40F259321F49204808F0FEFA15
S31508015CC034E07B68FB600AE0FB681A893B681B893C
S31508015CD013449AB2FB681A81FB681B68FB60FB6870
S31508015CE01B68002BF0D1FB681A89FB685B899A420D
S31508015CF006D0104B40F262321149104808F0DEFA1C
S31508015D00FB681B68002B06D00A4B40F263320D492B
S31508015D100A4808F0D3FAFB681A893B681B891344B9
S31508015D209AB2FB681A81FB683A681A601037BD4651
S31508015D3080BD00BF90F8010884FA0108F0F801084F
S31508015D40BCFA0108ECFA010880B586B000AF7860A4
S31508015D50396000237B6100233B617B68002B08D0F7
S31508015D603B68002B05D07B681A893B681B899A42D8
S31508015D7009D2574B40F2C9325649574808F09EFA9C
S31508015D806FF00F039FE07B685B891A467B69D21A1D
S31508015D903B685B8919463B69CB1A9A4206D33B682D
S31508015DA05B891A463B69D31AFB6005E07B685B8908
S31508015DB01A467B69D31AFB607B685A687B69D018D7
S31508015DC03B685A683B691344FA68194608F0A7FB09
S31508015DD07A69FB6813447B613A69FB6813443B6142
S31508015DE07B685B891A467B69934206D9384B40F230
S31508015DF0D9323A49384808F061FA3B685B891A464C
S31508015E003B69934206D9324B40F2DA323449324879
S31508015E1008F054FA3B685B891A463B69934204D3F6
S31508015E2000233B613B681B683B607B685B891A46BC
S31508015E307B69934214D100237B617B681B687B6075
S31508015E407B68002B0CD13B68002B09D0204B4FF403
S31508015E5079722449204808F031FA6FF00F0332E0CD
S31508015E603B68002B13D03B685A893B681B899A42C9
S31508015E700DD13B681B68002B09D0154B40F2E9325E
S31508015E801949154808F01AFA6FF005031BE07B68F3
S31508015E90002B13D07B685A897B681B899A420DD1DE
S31508015EA07B681B68002B09D0094B40F2EE320E497C
S31508015EB0094808F003FA6FF0050304E03B68002B74
S31508015EC07FF461AF002318461837BD4680BD00BF71
S31508015ED090F8010838FB0108F0F8010868FB010889
S31508015EE080FB01089CFB0108ACFB010880B588B062
S31508015EF000AFF860B96011461A460B46FB80134697
S31508015F00BB8000237B830023FB82FB68002B08D11F
S31508015F102B4B40F20A422B492B4808F0CFF90023B4
S31508015F204AE0BB68002B08D1254B40F20B422749B2
S31508015F30254808F0C3F900233EE0FB68FB6134E01D
S31508015F40BB88002B0AD0FB695B89BA889A4205D3BC
S31508015F50FB695B89BA88D31ABB8023E0FB695A8936
S31508015F60BB88D31A3B833A8BFB889A4201D9FB88B3
S31508015F703B837B8BBA68D018FB695A68BB88134484
S31508015F803A8B194608F0CBFAFA8A3B8B1344FB8203
S31508015F907A8B3B8B13447B83FA883B8BD31AFB8022
S31508015FA00023BB80FB691B68FB61FB88002B02D0C1
S31508015FB0FB69002BC4D1FB8A18462037BD4680BD34
S31508015FC090F80108D8FB0108F0F80108F8FB010868
S31508015FD080B584B000AF03463A60FB710B46BB80BF
S31508015FE03B681989BA88FB791846FFF7A5FAF8605C
S31508015FF0FB68002B01D1002311E03968F868FFF727
S31508016000A3FE0346FB7297F90B30002B06D0064B0D
S3150801601040F224520549064808F050F9FB6818462B
S315080160201037BD4680BD00BF90F8010804FD010880
S31508016030F0F8010880B500AF08F040F803469BB2B6
S31508016040C3F30D039BB2A3F580439AB2014B1A80A1
S3150801605000BF80BD2400002080B582B000AF786003
S315080160607B681B7D012B05D1064BD42206490748BF
S3150801607008F024F979680120FEF79EFE00BF08376B
S31508016080BD4680BD90FD0108C0FD0108D4FD01088B
S3150801609080B582B000AF78607B681B7D012B05D186
S315080160A0064BDF220649074808F008F979680220F5
S315080160B0FEF782FE00BF0837BD4680BD90FD010888
S315080160C0FCFD0108D4FD010880B500AF00F0A4FE6F
S315080160D0074B1B780133DAB2054B1A70044B1B7850
S315080160E003F00103002B01D000F054FB00BF80BD73
S315080160F029C0002080B584B000AF786039603B685C
S31508016100002B05D10D4BFF220D490E4808F0D6F894
S315080161107B68FB600AE0FB68DB6F3A689A4202D14A
S31508016120FB680022DA67FB68DB68FB60FB68002B0B
S31508016130F1D100BF00BF1037BD4680BD90FD0108F3
S3150801614018FE0108D4FD010880B584B000AF786057
S315080161507B68002B06D1144B40F2111213491448DF
S3150801616008F0ACF87B681B7D012B06D00E4B4FF46B
S31508016170897210490E4808F0A1F80123FB600BE06B
S315080161800D4AFB6852F823301B6879681846FFF7F1
S31508016190B1FFFB680133FB60FB68032BF0D900BF35
S315080161A000BF1037BD4680BD90FD010840FE0108BD
S315080161B0D4FD01084CFE0108D41D0208B0B588B00B
S315080161C004AF78600B46FB707B68002B06D1634BE6
S315080161D04FF4AF726249634808F070F8FB78002BF8
S315080161E066D07B681B7D042B03D07B681B7D072B40
S315080161F05ED17B689B6F002B04D17B681B8DB3F541
S31508016200066F55D07B685B8B03F01003002B06D114
S31508016210524B4FF4B2725449524808F04FF87B6812
S31508016220186D7B685C6A7D687B6804337A68D28AF4
S315080162307968098B0291019200932B462246014601
S31508016240786804F08DFE786801F0C8F8474B1B683A
S315080162507A689A4205D1454B1B68DB68434A136045
S3150801626013E0424B1B68FB600CE0FB68DB687A684D
S315080162709A4204D17B68DA68FB68DA6005E0FB6854
S31508016280DB68FB60FB68002BEFD17B680022DA60D4
S31508016290374B01221A70374B1B687A689A4202D12A
S315080162A003F05CFD02E07868FFF7D6FE002350E0B4
S315080162B07B681B7D022B3BD0022B44DC002B02D0D2
S315080162C0012B2AD03FE07B68DB8A002B21D02A4BA1
S315080162D01B687A689A4205D1274B1B68DB68264AF0
S315080162E0136013E0244B1B68BB600CE0BB68DB68DA
S315080162F07A689A4204D17B68DA68BB68DA6005E095
S31508016300BB68DB68BB60BB68002BEFD17B680022EA
S31508016310DA607868FFF7A0FE1AE07868FFF714FFDD
S315080163207968164801F0AAF87868FFF7B1FE0FE018
S3150801633079680E4801F0A2F80D4B01221A707868A7
S31508016340FFF78AFE04E0786800F01AF8034600E0D1
S31508016350002318461037BD46B0BD00BF90FD0108A1
S3150801636064FE0108D4FD010884FE010820C000204E
S3150801637028C0002060C0002018C000201CC00020D2
S3150801638080B584B000AF78607B68002B06D12E4BB0
S315080163904FF4CE722D492E4807F090FF7B681B7D7E
S315080163A0072B20D0072B2BDC032B02D0042B0DD077
S315080163B026E0786803F0E2FE0346FB7397F90F308F
S315080163C0002B1FD17B6805221A751BE0786803F03C
S315080163D0D5FE0346FB7397F90F30002B14D17B6862
S315080163E005221A7510E0786803F0C8FE0346FB73A8
S315080163F097F90F30002B09D17B6809221A7505E038
S3150801640000231CE000BF02E000BF00E000BF97F9CF
S315080164100F30002B03D1786803F0EEFF0DE097F9F2
S315080164200F30B3F1FF3F08D17B685B8B43F008035C
S315080164309AB27B685A83002301E097F90F30184610
S315080164401037BD4680BD00BF90FD010840FE01081A
S31508016450D4FD010880B582B000AF78607B68002B57
S3150801646009D10F4B4FF4F4720E490F4807F026FF76
S315080164706FF00F030FE07B681B7D012B06D07B684D
S315080164805B8B43F010039AB27B685A8301217868C3
S31508016490FFF794FE034618460837BD4680BD00BF80
S315080164A090FD0108A0FE0108D4FD010880B58EB053
S315080164B004AF786039607B68002B07D1524B40F2F4
S315080164C03D225249524807F0F9FE99E07B681B7D47
S315080164D0012B06D14C4B4FF410724E494C4807F02C
S315080164E0EDFE7B681B7D0A2B07D179684A4800F0C7
S315080164F0C5FF7868FFF7B0FD82E000237B620023C1
S315080165007B847B681B6DBB617B685B6A7B617B688F
S31508016510D3F890303B617B681B69FB607B681B7D08
S31508016520002B26D17B68DB8A002B2ED03B4B1B68C0
S315080165307A689A4205D1394B1B68DB68374A13607A
S3150801654013E0364B1B68FB610CE0FB69DB687A6874
S315080165509A4204D17B68DA68FB69DA6005E0FB696F
S31508016560DB68FB61FB69002BEFD17B680022DA60EF
S315080165700BE03B687B627B68DB8A7B847968284809
S3150801658000F07CFF274B01221A707B681B6F002BDA
S3150801659004D07B681B6F184600F01EFD7B68DB6E16
S315080165A0002B04D07B68DB6E184600F015FD7B686E
S315080165B05B6F002B04D07B685B6F184600F00CFDFF
S315080165C07B6A002B0ED079687B6804337A68128B54
S315080165D002927A8C019200930B467A69B9697868B6
S315080165E004F0BEFC7B681B7DFB727868FFF734FDFF
S315080165F03B69002B04D03B696FF00C01F86898479A
S315080166002837BD4680BD00BF90FD0108D4FE0108AC
S31508016610D4FD0108F0FE010824C0002018C000209E
S3150801662020C0002028C0002080B582B000AF786065
S3150801663001217868FFF73AFF00BF0837BD4680BDDC
S3150801664080B584B000AF78607B68002B06D1254BF6
S3150801665040F2A6322449254807F030FE7B685B6A7A
S315080166607A68128D1344FB607B68DB6A7A68528EFE
S31508016670B2F5866F28BF4FF4866292B21344FA6860
S31508016680D31A002B08DB7B681A8D7B685A857B68D1
S31508016690DB6AFA68D31A20E07B685A6A7B68DB6A88
S315080166A0D31A002B03DD7B6800225A8514E07B6828
S315080166B0DA6A7B685B6AD31ABB60BB68B3F5803F4D
S315080166C006D3084B40F2B6320949084807F0F6FDE9
S315080166D0BB689AB27B685A85002318461037BD46AF
S315080166E080BD00BF90FD0108ECFF0108D4FD01083B
S315080166F01000020880B584B000AF78600B467B8035
S315080167007B68002B07D11F4B40F2CF321E491F4829
S3150801671007F0D4FD32E07B681B7D012B06D1194BAE
S3150801672040F2D2321A49194807F0C8FD7B681A8D1A
S315080167307B881344FB81FB89B3F5066F04D87B6814
S315080167401B8DFA899A4204D27B684FF406621A8530
S3150801675002E07B68FA891A857868FFF771FFB860E5
S31508016760BB68B3F5067F09D37B685B8B43F00203ED
S315080167709AB27B685A83786803F03EFE1037BD46A5
S3150801678080BD00BF90FD01082C000208D4FD010858
S3150801679044000208B0B590B004AF002387F825304D
S315080167A0954B1B680133944A1360944B1B7801334C
S315080167B0DAB2924B1A7000E000BF0023BB62904B1D
S315080167C01B68FB629FE2FB6A1B7D002B06D18D4B82
S315080167D040F2BE428C498D4807F070FDFB6A1B7D6D
S315080167E0012B06D1874B40F2BF428949874807F0FA
S315080167F065FDFB6A1B7D0A2B06D1824B4FF4986215
S315080168008449824807F05AFDFB6A9A7F7B4B1B78BD
S315080168109A4205D1FB6ABB62FB6ADB68FB6272E2DC
S31508016820764B1A78FB6A9A77002387F82730002374
S3150801683087F82630FB6A1B7D022B0AD1FB6A93F87F
S315080168404230052B05D997F82730013387F82730C9
S315080168501EE1FB6A93F842300B2B05D997F82730CE
S31508016860013387F8273013E1FB6A93F89930002B37
S3150801687075D0FB6A1B6F002B06D0624B40F2D442DF
S315080168806549624807F01AFDFB6ADB6E002B06D1E3
S315080168905C4B40F2D54261495C4807F00FFDFB6A43
S315080168A093F89A300B2B05D997F82730013387F8D7
S315080168B02730EDE0FB6A93F89930013B584AD35CDF
S315080168C07B74FB6A93F898307A7C9A4207D9FB6AFB
S315080168D093F898300133DAB2FB6A83F89820FB6A99
S315080168E093F898307A7C9A4200F2D28001233B626F
S315080168F0FB6AB3F86030002B08D1F86A04F024FC6F
S315080169000346002B14D000233B6211E0FB6AB3F85F
S3150801691060301946F86A03F0E9FA0346002B07D1F5
S31508016920F86A03F069FD0346002B01D100233B6297
S315080169303B6A002B00F0AC80FB6A002283F89820A2
S31508016940FB6A93F89930062B00F2A280FB6A93F84A
S3150801695099300133DAB2FB6A83F8992098E0FB6A29
S31508016960B3F93030002B0FDBFB6AB3F9303047F649
S31508016970FF72934208D0FB6AB3F930309BB20133F8
S315080169809BB21AB2FB6A1A86FB6AB3F93020FB6A14
S31508016990B3F940309A427BDBF86A04F021F80346E2
S315080169A0002B07D0FB6A1B6F002B71D1FB6ADB6ECC
S315080169B0002B6DD0FB6A1B7D022B3AD0FB6A93F83C
S315080169C042300C2B28BF0C23FB76FB6AB3F93C300B
S315080169D0DB101BB21A46FB6AB3F93E301344FA7E42
S315080169E010498A5C93407B617B6947F6FE72934244
S315080169F01ADC7B691AB219E014C000202AC00020EB
S31508016A0020C0002090FD0108D4000208D4FD010829
S31508016A10000102082C0102085C0102089001020823
S31508016A20CC1D0208BC1D020847F6FF72FB6AA3F8D3
S31508016A304020FB6A00221A86FB6AB3F86020FB6ACB
S31508016A40B3F84830934228BF13467B827B8A5B089A
S31508016A509AB2FB6AA3F84A20FB6AB3F84A20FB6A92
S31508016A605B8E5B009BB29A4206D2FB6A5B8E5B0029
S31508016A709AB2FB6AA3F84A20FB6A5A8EFB6AA3F804
S31508016A804820FB6A0022A3F86A20F86A04F018F87D
S31508016A90FB6A1B7D062B11D1FB6A5B8B03F0100386
S31508016AA0002B0BD09D4B1A68FB6A1B6AD31A282B3D
S31508016AB004D997F82730013387F82730FB6A5B7AC0
S31508016AC003F00803002B4CD0FB6A1B7D042B03D073
S31508016AD0FB6A1B7D072B44D1904B1A68FB6A1B6A1C
S31508016AE0D21AFB6AD3F8943003F5242303F6B84384
S31508016AF08B49A1FB03135B099A420AD997F82730F8
S31508016B00013387F8273097F82630013387F826307E
S31508016B1027E0824B1A68FB6A1B6AD21AFB6AD3F80A
S31508016B209410FB6A93F89B3018467E4B00FB03F3DF
S31508016B300B447B49A1FB03135B099A4211D9F86AF5
S31508016B4004F0C2FA034687F8253097F92530002B59
S31508016B5007D1FB6A93F89B300133DAB2FB6A83F8F3
S31508016B609B20FB6A5B6F002B11D06C4B1A68FB6A82
S31508016B701B6AD21AFB6AB3F9403019460B465B0009
S31508016B800B445B009A4202D3F86A00F0DBFDFB6A0C
S31508016B901B7D032B0BD1614B1A68FB6A1B6AD31A3F
S31508016BA0282B04D997F82730013387F82730FB6A51
S31508016BB01B7D092B0BD1594B1A68FB6A1B6AD31A21
S31508016BC0F02B04D997F82730013387F8273097F83F
S31508016BD02730002B60D0FB6AD3F89030FB60F86A47
S31508016BE000F0FCFBBB6A002B10D04F4B1B68FA6AFE
S31508016BF09A4206D14D4B40F26D524D494D4807F028
S31508016C005DFBFB6ADA68BB6ADA600FE0464B1B6814
S31508016C10FA6A9A4206D0454B40F2715246494548AE
S31508016C2007F04CFBFB6ADB683F4A136097F826308E
S31508016C30002B13D0FB6A186DFB6A5C6AFD6AFB6A56
S31508016C400433FA6AD28AF96A098B0291019200938E
S31508016C502B4622460146F86A04F082F9FB6A1B694B
S31508016C60BB60FB6A1B7DFB71FB6A3B60FB6ADB68E9
S31508016C70FB623868FFF7F0F9304B00221A70FB689F
S31508016C80002B04D0FB686FF00C01B86898472B4BB2
S31508016C901B78002B37D090E5FB6ABB62FB6ADB6881
S31508016CA0FB62BB6A1B7F0133DAB2BB6A1A77BB6A1E
S31508016CB01A7FBB6A5B7F9A4225D3BB6A00221A7781
S31508016CC01E4B00221A70BB6AD3F88C30002B0BD0EE
S31508016CD0BB6AD3F88C30BA6A1269B96A1046984702
S31508016CE0034687F8253002E0002387F82530134B41
S31508016CF01B78002B7FF460AD97F92530002B02D164
S31508016D00B86A03F079FBFB6A002B7FF45CAD0023BC
S31508016D10BB620B4B1B68FB6267E000BF14C0002017
S31508016D20D34D6210F824010020C0002090FD01080F
S31508016D30C8010208D4FD0108F401020828C0002090
S31508016D4024C00020FB6A1B7D0A2B06D02B4B40F280
S31508016D50A1522B492B4807F0B1FA002387F82730AF
S31508016D60294B1A68FB6A1B6AD31AF02B04D997F8C0
S31508016D702730013387F8273097F82730002B2FD093
S31508016D80F86A00F02BFBBB6A002B10D01F4B1B685F
S31508016D90FA6A9A4206D1194B40F2AF521C49194870
S31508016DA007F08CFAFB6ADA68BB6ADA600FE0174B00
S31508016DB01B68FA6A9A4206D0104B40F2B35215493B
S31508016DC0104807F07BFAFB6ADB68104A1360FB6A16
S31508016DD0FB61FB6ADB68FB62F869FFF73DF904E0D2
S31508016DE0FB6ABB62FB6ADB68FB62FB6A002BA9D103
S31508016DF000BF00BF3037BD46B0BD00BF90FD0108DA
S31508016E0020020208D4FD010814C0002024C0002075
S31508016E10500202087802020880B582B000AF2D4BF5
S31508016E201B780133DAB22B4B1A702B4B1B687B602C
S31508016E3048E07B689A7F274B1B789A423FD0254BBF
S31508016E401A787B689A777B685B8B03F00103002BC2
S31508016E5010D07B685B8B43F002039AB27B685A8336
S31508016E60786803F0C9FA7B685B8B23F003039AB24F
S31508016E707B685A837B685B8B03F00803002B09D078
S31508016E807B685B8B23F008039AB27B685A83786820
S31508016E90FFF776FA7B68DB683B607B689B6F002BA4
S31508016EA00AD00E4B00221A70786800F019F80B4BBD
S31508016EB01B78002B00D0B8E73B687B6002E07B6853
S31508016EC0DB687B607B68002BB3D100BF00BF083746
S31508016ED0BD4680BD2AC0002020C0002028C0002051
S31508016EE090B585B000AF78607B68002B09D1374B28
S31508016EF040F209623649374807F0E0F96FF00F03A7
S31508016F0060E07B689B6F5B7BBB737B689B6FBB6039
S31508016F107B6800229A677B68D3F88430002B0BD0F4
S31508016F207B68D3F884407B6818690023BA68796856
S31508016F30A0470346FB7307E00023BA687968002077
S31508016F4000F0A4F80346FB7397F90F30002B2AD1FA
S31508016F50BB7B03F02003002B33D07B681B8DB3F575
S31508016F60066F05D07B681B8D01339AB27B681A853B
S31508016F707B68D3F88430002B0BD07B68D3F8844028
S31508016F807B681869002300227968A0470346FB73CA
S31508016F9001E00023FB7397F90F3013F10D0F10D1A0
S31508016FA06FF00C030EE097F90F3013F10D0F02D1B4
S31508016FB06FF00C0306E07B68BA689A676FF0040302
S31508016FC000E0002318461437BD4690BD90FD010820
S31508016FD0A0020208D4FD010880B584B000AF78602C
S31508016FE007E07B681B68FB60786800F00AF8FB68B5
S31508016FF07B607B68002BF4D100BF00BF1037BD460C
S3150801700080BD80B582B000AF78607B68002B0CD05C
S315080170107B685B68002B04D07B685B681846FEF7C3
S315080170206FFD79680320FDF7C7FE00BF0837BD4627
S3150801703080BD000080B584B000AF78607B68002B06
S3150801704006D10F4B40F282620E490F4807F036F916
S315080170500320FDF73BFEF860FB68002B01D10023F6
S315080170600AE010227968F86807F059FAFB685B6844
S315080170701846FEF7EBFDFB6818461037BD4680BD7E
S3150801708090FD0108E4020208D4FD010880B584B028
S3150801709000AFF860B9607A60FB70BB68002B09D154
S315080170A0124B4FF4D3621249124807F007F96FF0F1
S315080170B00F0316E07B68002B09D07B681B891946EC
S315080170C0B868FFF717FB7868FEF71AFD08E097F925
S315080170D00330002B04D1B868FFF7BCF9034600E07A
S315080170E0002318461037BD4680BD00BF90FD010834
S315080170F000030208D4FD010880B586B000AF034637
S31508017100FB7197F90730002B01DBFB7900E07F2340
S31508017110FB72FB7A002B34D0FB7A013BFB7200230E
S31508017120FB6000233B61194B1B687B611FE07B6990
S315080171305B7DFA7A9A420CD87B695B7DFA7A9A4228
S3150801714012D1134B1A687B691B6AD31AFA689A42D9
S315080171500AD80F4B1A687B691B6AD31AFB607B69CD
S315080171603B617B695B7DFB727B69DB687B617B6964
S31508017170002BDCD13B69002B04D03869FFF754FAA0
S3150801718000E000BF1837BD4680BD00BF20C0002003
S3150801719014C0002080B586B000AF0346FB71FB79A9
S315080171A0082B09D0FB79092B06D01A4B40F2DD6270
S315080171B019491A4807F082F80023FB6000233B614E
S315080171C0174B1B687B6117E07B691B7DFA799A422D
S315080171D00FD1144B1A687B691B6AD31AFA689A424B
S315080171E007D8104B1A687B691B6AD31AFB607B693F
S315080171F03B617B69DB687B617B69002BE4D13B6979
S31508017200002B03D000213869FFF750F900BF183762
S31508017210BD4680BD90FD01081C030208D4FD010886
S3150801722020C0002014C0002080B584B000AF002320
S315080172307B600023BB60124B1B68FB6012E0114B9D
S315080172401A68FB681B6AD31A7A689A4207D80D4BE3
S315080172501A68FB681B6AD31A7B60FB68BB60FB680C
S31508017260DB68FB60FB68002BE9D1BB68002B02D009
S31508017270B868FFF7D9F900BF1037BD4680BD00BF12
S3150801728024C0002014C0002080B582B000AF104B86
S315080172901B687B6014E07B68DB683B607B685B8B03
S315080172A003F00803002B09D07B685B8B23F00803E6
S315080172B09AB27B685A837868FFF762F83B687B6005
S315080172C07B68002BE7D100BF00BF0837BD4680BDEC
S315080172D020C0002080B584B000AF0346FB710120B1
S315080172E0FDF7F4FCF860FB68002B26D1FFF7CCFF0D
S315080172F0FFF79AFF0120FDF7E9FCF860FB68002B10
S315080173001BD10920FFF746FF0120FDF7DFFCF860D6
S31508017310FB68002B11D10820FFF73CFF0120FDF780
S31508017320D5FCF860FB68002B07D1FB791846FFF7F7
S31508017330E3FE0120FDF7CAFCF860FB68002B3FD08D
S315080173409C220021F86807F01EF8FB68FA795A753D
S31508017350FB684FF48662A3F86420FB684FF4066263
S315080173605A85FB685A8DFB681A85FB68FF22DA7213
S31508017370FB684FF406725A86FB680622A3F840207A
S31508017380FB680622DA87FB684FF6FF721A86FB68E6
S315080173900122A3F848200D4B1A68FB681A620C4BA8
S315080173A01A78FB689A77FB684FF48662A3F84A2035
S315080173B0FB68084AC3F88420FB68074AC3F8942087
S315080173C0FB6818461037BD4680BD00BF14C00020B3
S315080173D02AC000208D70010800DD6D0080B582B0DD
S315080173E000AF78607B68002B07D1214B40F651022C
S315080173F02049214806F062FF37E07B681B7D002B98
S3150801740033D07B681B7D0A2B2FD07B681B7D012B14
S315080174102BD07B689B6F002B07D07B689B6F184628
S31508017420FEF76EFB7B6800229A677B685B6F002B11
S3150801743002D0786800F086F97B684FF6FF721A86E3
S315080174407B68DB6E1846FFF7C7FD7B681B6F18461E
S31508017450FFF7C2FD7B680022DA667B68DA6E7B6815
S315080174601A677B680022A3F868200837BD4680BDE5
S3150801747090FD0108DC030208D4FD010880B584B03B
S3150801748000AF786039603B68002B06D13E4B40F669
S3150801749083023E493E4806F011FF7B68002B06D160
S315080174A0394B40F684023B49394806F007FF7B68A9
S315080174B01B683A689A4205D17B681B68DA687B685B
S315080174C01A6013E07B681B68FB600CE0FB68DB68ED
S315080174D03A689A4204D13B68DA68FB68DA6005E0E3
S315080174E0FB68DB68FB60FB68002BEFD13B68002279
S315080174F0DA603868FFF772FF3B681B7D0A2B13D0E9
S315080175003B681B7D012B0FD03B685B8B03F00103A6
S31508017510002B09D03B685B8B43F002039AB23B68A8
S315080175205A83386802F068FF3B681B7D012B20D01F
S315080175303B68DB6E002B06D0134B40F693021649C7
S31508017540134806F0BBFE3B681B6F002B06D00E4B9B
S3150801755040F6940211490E4806F0B0FE3B685B6F8F
S31508017560002B06D0084B40F696020D49084806F04E
S31508017570A5FE3B6800221A753B680022DA8200BF25
S315080175801037BD4680BD00BF90FD0108F80302080B
S31508017590D4FD010814040208340402084C04020844
S315080175A06804020880B582B000AF78607B68002B5A
S315080175B006D10A4B40F6AF0209490A4806F07EFE93
S315080175C0094B1A68094B1B681344074A1360064B93
S315080175D01B6818460837BD4680BD00BF90FD0108E7
S315080175E080040208D4FD01082800002014C00020E8
S315080175F080B586B000AF0346B9607A60FB817B68C7
S31508017600002B06D1144B40F6C5021449144806F05E
S3150801761055FEBB68002B01D1FB8919E0BB689B8C21
S31508017620FB82FB8A002B12D02823BB82FA8ABB8AEB
S315080176309A4204D9FA8ABB8AD31A9BB200E000237C
S315080176407B827A8AFB89934228BF1346FB81FB8991
S3150801765018461837BD4680BD90FD01089C040208EE
S31508017660D4FD010880B584B000AF786039603B6805
S31508017670FB607B68002B19D1104B4FF4106210493F
S31508017680104806F01BFE11E0FB681A687B681B6848
S315080176909A4208D1FB68DB68BB60F868FEF7C4FF4D
S315080176A0BB68FB6002E0FB68DB68FB60FB68002BDC
S315080176B0EAD100BF00BF1037BD4680BD90FD010865
S315080176C0C4040208D4FD010880B584B000AF78600F
S315080176D039607B68002B2AD07B681B68002B26D073
S315080176E0154B1B6819467868FFF7BCFF134B1B68D7
S315080176F019467868FFF7B6FF3B68002B17D03B6839
S315080177001B68002B13D00E4B1B68FB600CE0FB6853
S315080177101A687B681B689A4203D13B681A68FB683A
S315080177201A60FB68DB68FB60FB68002BEFD100BFC2
S315080177301037BD4680BD00BF20C0002018C00020FC
S315080177401CC0002080B582B000AF78607B685B6F93
S31508017750002B07D07B685B6F1846FFF73DFC7B68FB
S3150801776000225A6700BF0837BD4680BD90B58DB067
S3150801777004AF786039607B68002B05D19B4B832267
S315080177809B499C4806F09AFD7B685B689A4A136098
S315080177907B685B89132B40F2D183984B5B69974AC7
S315080177A012681146184605F041FC0346002B40F0C5
S315080177B0C783924B5B6903F0F003E02B00F0C083AB
S315080177C08D4B1B689B899BB21846FCF7A7FD0346A0
S315080177D01B0B9BB2DBB29B00BB74BB7C132B40F229
S315080177E0B183BB7C9AB27B681B899A4200F2AA8351
S315080177F0BB7C9BB2143B9AB2814B1A80814B002207
S315080178001A607B685A89BB7C9BB29A4209D37C4B26
S315080178101A887D4B1A80BB7C19467868FEF7EAF808
S315080178204EE07B681B68002B05D1704BC222774955
S31508017830704806F043FD14217868FEF7DBF87B688B
S315080178405A89714B1A806E4B1A886F4B1B88D31A4B
S315080178503B826D4B1B8819467868FEF7CBF87B6827
S315080178601B685B893A8A9A4200F26E837B681B68B9
S315080178705B68644A13607B681B683A8A1146184636
S31508017880FEF7B8F87B681A893B8AD31A9AB27B68DD
S315080178901A817B685B89002B05D0544BDF225C4932
S315080178A0544806F00BFD7B681A897B681B681B899F
S315080178B09A4205D04D4BE02256494E4806F0FEFC49
S315080178C04D4B1B681B889BB24B4A14681846FCF73C
S315080178D025FD03462380484B1B685B889BB2464AB5
S315080178E014681846FCF71AFD03466380424B1B6869
S315080178F05B68414A14681846FCF725FD0346636030
S315080179006368454A13603C4B1B689B683A4A14688E
S315080179101846FCF718FD0346A360A3683F4A13609F
S31508017920354B1B68DB899BB2334A14681846FCF74A
S31508017930F5FC0346E381304B1B689B899BB21846CD
S31508017940FCF7ECFC0346DBB203F03F03DAB2344B37
S315080179501A707B681A89334B1A80314B1B7803F0EE
S315080179600303002B0CD02F4B1B8801339AB22D4BE6
S315080179701A807B681A892B4B1B889A4200F2E68289
S315080179800023BB61284B1B68FB619DE0FB691B7DDE
S31508017990002B05D1154BFB222449164806F08EFC0F
S315080179A0FB691B7D0A2B05D1104BFC222049114886
S315080179B006F084FCFB691B7D012B05D10B4BFD22CF
S315080179C01C490C4806F07AFCFB691B7A002B33D05C
S315080179D0FB691A7A094B5B6893F830300133DBB2DD
S315080179E09A4229D0FB69BB616BE000BFF804020823
S315080179F02C050208440502083CC00020008B002023
S31508017A0040C0002044C0002042C000206C05020886
S31508017A107C050208880502084CC0002050C00020D9
S31508017A2058C0002056C0002020C00020A805020822
S31508017A30D0050208FC050208FB691A8B724B1B6804
S31508017A401B889BB29A423AD1FB69DA8A6E4B1B684C
S31508017A505B889BB29A4232D1FB695A686B4B1B69A8
S31508017A609A422CD1FB691A68684B5B699A4226D1FE
S31508017A70FB69DB68FA699A4206D1654B40F20D1239
S31508017A806449654806F01AFCBB69002B0AD0FB69F4
S31508017A90DA68BB69DA60614B1A68FB69DA605F4AC2
S31508017AA0FB691360FB69DB68FA699A4211D1584B85
S31508017AB040F215125A49584806F000FC09E0FB69DC
S31508017AC0BB61FB69DB68FB61FB69002B7FF45EAF79
S31508017AD000E000BFFB69002B40F0AA80514B1B68F0
S31508017AE0FB613FE0FB691B7D0A2B06D0484B40F240
S31508017AF01F124D49484806F0E1FBFB691B7A002B2A
S31508017B0009D0FB691A7A414B5B6893F83030013327
S31508017B10DBB29A4222D1FB691A8B3B4B1B681B8845
S31508017B209BB29A421BD1FB69DA8A374B1B685B8881
S31508017B309BB29A4213D1FB695A68344B1B699A4224
S31508017B400DD1FB691A68314B5B699A4207D1F8690D
S31508017B5000F056FB7868FDF7D3FFFDE100BFFB692E
S31508017B60DB68FB61FB69002BBCD10023BB612F4B92
S31508017B701B687B612AE07B691B7A002B0CD07B6929
S31508017B801A7A224B5B6893F830300133DBB29A429A
S31508017B9002D07B69BB6116E07B69DA8A1A4B1B68DE
S31508017BA05B889BB29A420CD17B691A68174B5B6951
S31508017BB09A420FD07B69002B0DD07B691B68002B7D
S31508017BC009D07B69BB617B69DB687B617B69002BBB
S31508017BD0D1D100E000BF7B69002B29D0BB69002BFE
S31508017BE00AD07B69DA68BB69DA60104B1A687B6967
S31508017BF0DA600E4A7B691360786900F003FA7868DF
S31508017C00FDF77EFFA8E100BF3CC00020008B0020E5
S31508017C10F8040208240602084405020820C00020C8
S31508017C205006020824C000207C0602081CC0002059
S31508017C30FB69002B00F05881954B00221A607B687E
S31508017C401A89934B1A81924A7B685360914B1B6838
S31508017C508F4AD360904B00221A60904B00221A700B
S31508017C608F4B00221A808F4B1B7803F00803002BD9
S31508017C7006D07B685B7B43F00103DAB27B685A73F3
S31508017C80FB699B6F002B17D0F869FFF729F90346A3
S31508017C9013F10D0F07D0FB699B6F002B0CD0824B9C
S31508017CA01B88002B08D0FB695B8D002B40F0E38015
S31508017CB0F86903F0A7F9DEE07C4AFB691360F86905
S31508017CC000F018FB0346FB7497F9133013F10D0FF7
S31508017CD000F0D380714B1B7803F00803002B15D0F5
S31508017CE0FB69D3F89030002B08D0FB69D3F89030A4
S31508017CF0FA6912696FF00D0110469847F9696C48DF
S31508017D00FFF7BCFBF869FEF7A7F9DAE00023FB7475
S31508017D10634B1B88002B1DD0614B1B88FB81FB69BC
S31508017D20D3F88030002B0AD0FB69D3F88030FA6982
S31508017D301069FA89F96998470346FB7401E000233B
S31508017D40FB7497F9133013F10D0F00F09880544B1B
S31508017D5000221A80F86900F015F90346002B40F055
S31508017D6090804D4B1B68002B41D0FB699B6F002B04
S31508017D7006D0504B4FF4F3724F49504806F09EFA1D
S31508017D80FB695B8B03F01003002B08D0424B1B6881
S31508017D901846FDF7B5FEF869FEF746FC91E0FB6962
S31508017DA0D3F88430002B0CD0FB69D3F88440FB69E7
S31508017DB01869394B1A680023F969A0470346FB7409
S31508017DC008E0354B1A680023F9690020FFF75EF9C8
S31508017DD00346FB7497F9133013F10D0F53D097F936
S31508017DE01330002B03D02C4B1A68FB699A672B4B6F
S31508017DF01B7803F02003002B30D0FB699B6F002B07
S31508017E0009D0FB699B6F5A7BFB699B6F42F0200285
S31508017E10D2B25A7322E0FB691B8DB3F5066F05D002
S31508017E20FB691B8D01339AB2FB691A85FB69D3F885
S31508017E308430002B0BD0FB69D3F88440FB691869A1
S31508017E4000230022F969A0470346FB7401E00023D9
S31508017E50FB7497F9133013F10D0F16D0134B00224B
S31508017E601A60F86900F08EF80346002B28D1F869E4
S31508017E7002F0C2FA25E000BF23E000BF21E000BFFF
S31508017E801FE000BF1DE000BF1BE000BF19E000BFF7
S31508017E902CC000203CC000205CC0002059C0002036
S31508017EA054C0002058C0002056C0002060C00020E1
S31508017EB020C00020F8040208AC060208440502089E
S31508017EC000BF274B00221A60264B00221A60264B58
S31508017ED05B68002B3FD0244B5B681846FDF710FE04
S31508017EE0214B00225A6036E0204B1B689B899BB2C6
S31508017EF01846FCF713FA0346DBB203F00403002B1A
S31508017F0018D11B4B19681B4B1B881A461A4B1B6841
S31508017F10D018164B1B685B889BB2144A12681288E4
S31508017F2092B202920193154B0093154B024600201B
S31508017F3003F016F87868FDF7E3FD0CE000BF06E0EC
S31508017F4000BF04E000BF02E000BF00E000BF7868A0
S31508017F50FDF7D6FD00E000BF2437BD4690BD00BF42
S31508017F6060C000205CC000202CC000203CC000205E
S31508017F7050C0002056C000204CC00020108B0020A5
S31508017F80148B002080B582B000AF78607B68002B27
S31508017F9006D1174B40F25A221649174806F08EF9B0
S31508017FA0164B1B7803F01003002B1CD07B685B8BE8
S31508017FB003F01003002B0DD17B68D3F89030002B0A
S31508017FC008D07B68D3F890307A6812696FF00E0191
S31508017FD01046984779680A48FFF750FA7868FEF715
S31508017FE03BF8012300E0002318460837BD4680BD4B
S31508017FF0F8040208C80602084405020859C0002008
S3150801800020C0002090B58BB004AF78606F4B1B7809
S3150801801003F00403002B40F0D2807B68002B06D1C5
S315080180206B4B40F281226B496B4806F047F9674B67
S315080180301B7803F01003002B19D0684B1968684B9D
S315080180401B881A46674B1B68D018674B1B685B88E9
S315080180509BB2654A1268128892B202920193634BE7
S315080180600093634B0246786802F07AFFA9E0574B02
S315080180701B7803F00203002B00F0A3807B685B7D6D
S315080180801846FFF727F978617B69002B11D17B68C0
S315080180909B69002B0AD07B689B697A6810694FF047
S315080180A0FF32002198470346BB738BE0F023BB736D
S315080180B088E0504B5A697B691A604E4B1A697B698D
S315080180C05A607B68DA8A7B69DA82474B1B681B88A8
S315080180D09AB27B691A837B6903221A75414B1B681D
S315080180E05A1C7B695A627B695A6A7B69DA627869C2
S315080180F0FFF758FA38617B693A699A657B693A6983
S315080181001A657B693A695A647B693A69DA65354B56
S315080181101B685A1E7B695A657B681A697B691A61ED
S315080181207B697A68DA677B685B7A03F00C03DAB2F3
S315080181307B695A727B681A7A7B691A722E4B1A689E
S315080181407B69DA602C4A7B69136003F0CBF82B4B09
S3150801815001221A70786901F08BFD234B1B68DB89B4
S315080181609AB27B69A3F860207B69B3F860207B69C2
S31508018170A3F862207B695C8E7B690433184604F098
S31508018180BFFC01467B6904331A462046FFF730FADD
S3150801819003461A467B695A861221786902F03EF827
S315080181A00346FB7397F90F30002B04D00021786939
S315080181B0FEF77CF906E0786902F01EF901E000BFD6
S315080181C000E000BF1C37BD4690BD00BF58C0002067
S315080181D0F8040208F00602084405020850C0002007
S315080181E056C000204CC000203CC00020108B002047
S315080181F0148B0020008B002020C0002028C00020FE
S3150801820080B586B004AF78602F4B1B7803F0040362
S31508018210002B53D17B68002B06D12C4B40F2EE2262
S315080182202B492C4806F04AF8274B1B7803F0020322
S31508018230002B2AD0284B1A687B685B6AD31A002B55
S315080182402DDB254B1A687B685B6A7968098D0B44B7
S31508018250D31A002B23DC214B1968214B1B881A469C
S315080182601D4B1B68D0181F4B1B685B889BB21D4AA8
S315080182701268128892B2029201931B4B00931B4B10
S315080182800246786802F06CFE1BE00F4B1B7803F080
S315080182900103002B03D0164B1A687B681A62104B30
S315080182A01B88002B0CD07B685B8B43F002039AB2C8
S315080182B07B685A83786802F09FF801E000BF00E006
S315080182C000BF0837BD4680BD58C00020F804020823
S315080182D010070208440502084CC0002050C00020BF
S315080182E056C000203CC00020108B0020148B0020B3
S315080182F014C0002090B58DB004AF78600023FB76DA
S315080183000023BB767B68002B06D19D4B4FF4477241
S315080183109C499D4805F0D2FF9C4B1B7803F004034A
S31508018320002B4ED07B681B7D022B08D17B681A6D0A
S31508018330974B1B689A4223D10123FB7620E07B6881
S315080183405A6A944B1B689A4202D10123FB7617E0BD
S31508018350904B1A687B685B6AD31A002B10DB8D4B2E
S315080183601A687B685B6A7968098D0B44D31A002BF6
S3150801837006DC7B685B8B43F002039AB27B685A83FF
S31508018380FB7E002B1BD07B681B7D002B06D17C4B0B
S315080183904FF44E7280497C4805F090FF7F4B1B785D
S315080183A043F00803DAB27D4B1A707B685B8B23F0C6
S315080183B001039AB27B685A836FF00D037AE30023AF
S315080183C078E3724B1B7803F00203002B10D07B680D
S315080183D01B7D022B0CD07B681B7D032B08D07B6889
S315080183E05B8B43F002039AB27B685A83002361E3ED
S315080183F07B685B8B03F01003002B03D1684B1A686B
S315080184007B681A627B68002283F89B207B680022BE
S3150801841083F89A20786801F02BFC7B681B7D023B68
S31508018420072B00F2378301A252F823F04D84010885
S315080184307D860108F58701081F8801084389010817
S31508018440F5870108CF8901085F8A01084F4B1B7818
S3150801845003F01003002B00F0E4804C4B1B7803F06B
S315080184600203002B00F0DD807B685B6C5A1C484BCD
S315080184701B689A4240F0D580464B1B685A1C7B689C
S315080184805A627B685A6A7B68DA62414B1A687B686A
S315080184905A64444B1B68DB899AB27B68A3F860204F
S315080184A07B68B3F860207B68A3F86220394B1B68A8
S315080184B05A1E7B685A657B6804221A757B685C8E2E
S315080184C07B680433184604F01BFB01467B680433BA
S315080184D01A462046FFF78CF803461A467B685A86E1
S315080184E07B685B8E9A007B685B8E5B0041F21C1190
S315080184F08B4238BF0B469A4204D27B685B8E9B003F
S315080185009BB20DE07B685B8E5B0041F21C129342C5
S3150801851004D97B685B8E5B009BB201E041F21C13B8
S315080185207A68A2F848307B68B3F86630002B06D122
S31508018530134B4FF45B721C49134805F0BFFE7B6869
S31508018540B3F86630013B9AB27B68A3F866207B686C
S315080185501B6FFB61FB69002B2AD17B68DB6EFB6114
S31508018560FB69002B06D1064B4FF45D720F4906488D
S3150801857005F0A4FEFB691A687B68DA661CE000BF91
S31508018580F8040208300702084405020858C000200A
S3150801859050C000204CC000204C07020859C00020DA
S315080185A014C000203CC000206C070208840702089A
S315080185B0FB691A687B681A67F869FEF722FD7B680A
S315080185C01B6F002B04D17B684FF6FF721A8606E0F3
S315080185D07B6800221A867B68002283F842207B6822
S315080185E0D3F88830002B0AD07B68D3F888307A68AC
S315080185F010690022796898470346BB7601E0002393
S31508018600BB7697F91A3013F10D0F02D16FF00C03EF
S3150801861050E27B685B8B43F002039AB27B685A830C
S315080186203AE2984B1B7803F01003002B00F03482D2
S31508018630954B1968954B1B881A46954B1B68D0189C
S31508018640944B1B685B889BB2924A1268128892B255
S3150801865002920193904B0093904B0246786802F080
S315080186607FFC7B6893F84230052B00F215827B6804
S3150801867000221A86786802F04BFA0DE2814B1B78C4
S3150801868003F01003002B00F0A1807F4B1A687B686A
S315080186905B6CD31A013B002B7EDB7B4B1A687B682C
S315080186A01B6DD31A002B77DC7B6804221A757B684D
S315080186B0DB6F002B02D1FA23BB761DE07B68DB6FEB
S315080186C09B69002B06D1764B4FF46A727549764839
S315080186D005F0F4FD7B68DB6F9B69002B0AD07B688C
S315080186E0DB6F9B697A6810690022796898470346A7
S315080186F0BB7601E0F023BB7697F91A30002B0AD036
S3150801870097F91A3013F10D0F02D07868FDF78CFF2F
S315080187106FF00C03CEE1786800F0E0FA634B1B8832
S31508018720002B05D0614B1B88013B9AB25F4B1A801F
S315080187307B685B8E9A007B685B8E5B0041F21C113D
S315080187408B4238BF0B469A4204D27B685B8E9B00EC
S315080187509BB20DE07B685B8E5B0041F21C12934273
S3150801876004D97B685B8E5B009BB201E041F21C1366
S315080187707A68A2F848304E4B1B7803F02003002B89
S3150801878037D07B685B8B43F002039AB27B685A83C6
S315080187907B6807221A752CE03B4B19683B4B1B88F3
S315080187A01A463B4B1B68D0183A4B1B685B889BB231
S315080187B0384A1268128892B202920193364B009394
S315080187C0364B0246786802F0CBFB67E12D4B1B78E6
S315080187D003F00203002B00F061817B685B6A5A1E75
S315080187E02B4B1B689A4240F05981786802F0B2F91E
S315080187F054E153E1786800F071FA2D4B1B7803F0C8
S315080188002003002B00F04C817B685B8B43F002034D
S315080188109AB27B685A837B6807221A7540E17868A1
S3150801882000F05CFA224B1B7803F02003002B71D071
S31508018830144B1B7803F01003002B60D07B681A6D6C
S31508018840114B1B689A425AD17B68DB6E002B56D1B5
S315080188507B685B8B43F002039AB27B685A8378681C
S31508018860FEF7BCFD134B1B687A689A4205D1114B7A
S315080188701B68DB680F4A13602EE00E4B1B687B6191
S3150801888027E000BF58C0002050C0002056C0002075
S315080188904CC000203CC00020108B0020148B002007
S315080188A0F8040208980702084405020854C0002083
S315080188B059C0002020C000207B69DB687A689A428B
S315080188C004D17B68DA687B69DA6005E07B69DB6875
S315080188D07B617B69002BEFD17B680022DA60774BDD
S315080188E001221A707B680A221A75754B1A687B6809
S315080188F0DA60734A7B68136002F0F4FCD2E07B68A5
S315080189005B8B43F002039AB27B685A837B68082221
S315080189101A75C7E06B4B1B7803F01003002B00F0A8
S31508018920C1807B681A6D684B1B689A4240F0BA8011
S315080189307B68DB6E002B40F0B5807B6806221A75D2
S31508018940B0E0786800F0CAF9604B1B7803F02003A1
S31508018950002B00F0A9807B685B8B43F002039AB277
S315080189607B685A837868FEF739FD594B1B687A6824
S315080189709A4205D1564B1B68DB68554A136013E0CA
S31508018980534B1B683B610CE03B69DB687A689A428A
S3150801899004D17B68DA683B69DA6005E03B69DB6824
S315080189A03B613B69002BEFD17B680022DA60434BC0
S315080189B001221A707B680A221A75414B1A687B686C
S315080189C0DA603F4A7B68136002F08CFC6CE07868D9
S315080189D000F084F93B4B1B7803F01003002B65D09C
S315080189E07B681A6D384B1B689A425FD17B68DB6ED0
S315080189F0002B5BD17868FEF7F1FC354B1B687A686A
S31508018A009A4205D1324B1B68DB68314A136013E081
S31508018A102F4B1B68FB600CE0FB68DB687A689A429F
S31508018A2004D17B68DA68FB68DA6005E0FB68DB6815
S31508018A30FB60FB68002BEFD17B680022DA601F4BD5
S31508018A4001221A707B680A221A751D4B1A687B68FF
S31508018A50DA601B4A7B68136002F044FC26E07868FA
S31508018A6000F03CF9174B1B7803F01003002B1FD0BD
S31508018A707B681A6D144B1B689A4219D17B68DB6EA9
S31508018A80002B15D1114B1B7843F01003DAB20F4BAB
S31508018A901A700DE000BF0CE000BF0AE000BF08E055
S31508018AA000BF06E000BF04E000BF02E000BF00E02F
S31508018AB000BF002318462437BD4690BD28C00020B4
S31508018AC024C0002058C0002050C0002059C00020F2
S31508018AD020C0002090B585B000AF786039607B680A
S31508018AE0002B06D13B4B40F21F423B493B4805F060
S31508018AF0E5FB7B68DB689B899BB21846FBF70EFC96
S31508018B000346DBB203F00103002B28D03868FEF7D1
S31508018B1063FA00233B6056E03B68DB689B899BB29E
S31508018B201846FBF7FBFB0346DBB203F00103002BF8
S31508018B300DD07B68DB689B899CB20120FBF7EEFBB5
S31508018B4003461A467B68DB68224392B29A813B68E0
S31508018B50FB603B681B683B60F868FEF752FA3B68A6
S31508018B60002B0ED07B681B891A461D4B1B681A44BD
S31508018B703B68DB685B68396809890B44D31A002BA3
S31508018B80CADA3B68002B1ED07B681B891A46144B30
S31508018B901B681A443B68DB685B68D31A002B12DD35
S31508018BA03B68DB685B689AB20D4B1B689BB2D31AAC
S31508018BB09AB27B681A817B685A687B681B89194651
S31508018BC01046FCF717FE7B683A681A6000BF14372F
S31508018BD0BD4690BDF8040208B80702084405020814
S31508018BE04CC00020B0B586B000AFF860B9607A60B5
S31508018BF03B603EE0BB687B61BB681B68BB607B6909
S31508018C005B681846FDF70AF803467B82FB68B3F8EA
S31508018C1066307A8A9A4206D92A4B40F257422A493D
S31508018C202A4805F04BFBFB68B3F866207B8AD31A02
S31508018C309AB2FB68A3F866207B691A89244B1B88BC
S31508018C4013449AB2224B1A807869FEF7DAF9FB685F
S31508018C50B3F86630002B0CD0BB68002B09D13B68F2
S31508018C60002B06D1174B40F261421A49174805F005
S31508018C7025FBBB68002B20D0BB68DB685B68184600
S31508018C80FBF761FB0446BB681B891D46BB68DB68AD
S31508018C909B899BB21846FBF741FB0346DBB203F0FF
S31508018CA00303002B01D0012300E000232B44E21823
S31508018CB0094B1B68D31A002B9CDDBB68184618376D
S31508018CC0BD46B0BDF8040208E007020844050208DB
S31508018CD054C000200808020850C00020B0B594B05E
S31508018CE000AF78600023BB647B68002B06D1914BEB
S31508018CF040F27B429049914805F0E0FA7B681B7D7A
S31508018D00032B06D88B4B40F27C428D498B4805F0E4
S31508018D10D5FA8C4B1B7803F01003002B00F0648204
S31508018D207B68B3F860301A467B689B6D13443B63D6
S31508018D307B685A6D844B1B68D31A002B1BDB7B6837
S31508018D405A6D814B1B689A4206D17B689A6D7F4B97
S31508018D501B68D31A002B0EDB7B689A6D7B4B1B684D
S31508018D609A4225D17A4B1B68DB899AB27B68B3F89C
S31508018D7060309A421CD9764B1B68DB899AB27B68AC
S31508018D80A3F860207B68B3F862207B68B3F860308B
S31508018D909A4205D27B68B3F860207B68A3F8622003
S31508018DA0694B1A687B685A65684B1A687B689A65C5
S31508018DB0664B1A687B685B6CD31A002B58DC654BCB
S31508018DC01B88002B4BD17B689B6D7A68B2F86020B3
S31508018DD013443A6B9A4242D17B68B3F93030002B7F
S31508018DE03DDB7B685A6C594B1B689A4237D1012384
S31508018DF0BB647B6893F84330FF2B07D07B6893F8F5
S31508018E0043300133DAB27B6883F843207B6893F8F1
S31508018E104330032B1BD97B68B3F848207B685B8EEC
S31508018E2013449AB27B68B3F848309A420AD37B68EE
S31508018E30B3F848207B685B8E13449AB27B68A3F823
S31508018E40482004E07B684FF6FF72A3F848207B6848
S31508018E5093F84330022B02D9786801F0E7FEBB6C20
S31508018E60002B40F061817B68002283F843205BE197
S31508018E70364B1A687B685B6CD31A013B002BC0F230
S31508018E804E81324B1A687B681B6DD31A002B00F38F
S31508018E9046817B685B8B03F00403002B10D07B684B
S31508018EA05B8B23F004039AB27B685A837B68B3F819
S31508018EB04A207B68A3F848207B680022A3F86A2029
S31508018EC07B68002283F842207B68B3F93C30DB10CB
S31508018ED01BB29AB27B68B3F93E309BB213449BB27C
S31508018EE01AB27B68A3F84020184B1B689AB27B68B4
S31508018EF05B6C9BB2D31AFB857B68002283F84320FF
S31508018F00124B1A687B685A647B681B7D032B40F2F7
S31508018F1097807B68B3F848207B68B3F84A309A4251
S31508018F2045D27B685B8B03F40063002B14D00123C5
S31508018F3013E000BFF80402082808020844050208DD
S31508018F404408020858C000204CC0002050C0002028
S31508018F503CC0002056C00020022387F82D3097F820
S31508018F602D309AB27B685B8E12FB03F39BB2FA8DA6
S31508018F70934228BF13467B857B68B3F848207B8DCF
S31508018F8013449AB27B68B3F848309A4209D37B688E
S31508018F90B3F848207B8D13449AB27B68A3F848201E
S31508018FA04EE07B684FF6FF72A3F8482048E07B68DD
S31508018FB0B3F86A20FB8D13449AB27B68B3F86A301A
S31508018FC09A4209D37B68B3F86A20FB8D13449AB297
S31508018FD07B68A3F86A2004E07B684FF6FF72A3F862
S31508018FE06A207B68B3F86A207B68B3F848309A42EE
S31508018FF026D37B68B3F86A207B68B3F84830D31A5E
S315080190009AB27B68A3F86A207B68B3F848207B6824
S315080190105B8E13449AB27B68B3F848309A420AD3F6
S315080190207B68B3F848207B685B8E13449AB27B68E9
S31508019030A3F8482004E07B684FF6FF72A3F848209E
S315080190407B68196F7B68DB6E984A7868FFF7CAFDFB
S3150801905002467B681A677B68D96E7B681B6F944AE0
S315080190607868FFF7BFFD02467B68DA667B681B6F87
S31508019070002B04D17B684FF6FF721A8602E07B68E3
S3150801908000221A867B6800221A777B68DB6E002B22
S3150801909003D17B680022A3F868207B68B3F86420B3
S315080190A0844B1B8813449AB27B68A3F864207B68B7
S315080190B05B8B03F40063002B35D07B681B6F002B99
S315080190C018D17B68DB6E002B0CD07B68DC6C7B6867
S315080190D0DB6EDB685B681846FBF735F90346E31A6E
S315080190E0002B20DC7B685B8B23F400639AB27B68D8
S315080190F05A8318E07B68DC6C7B681B6FDB685B68EE
S315080191001846FBF720F90346E31A002B0BDC7B68AC
S315080191105B8B23F400639AB27B685A8303E0786811
S3150801912001F070FF00E000BF7B685B6B002B5BD032
S315080191307B689A6B604B1B68D31A002B54DA5F4B1A
S315080191401B689AB27B685B6B9BB2D31A9BB2A7F872
S315080191504E30B7F84E207B68B3F93C30DB101BB2B2
S315080191609BB2D31A9BB2A7F84E307B68B3F93C3051
S315080191709AB2B7F84E3013449BB21AB27B689A87F3
S31508019180B7F94E30002B05DAB7F84E305B429BB281
S31508019190A7F84E30B7F84E207B68B3F93E309B10DE
S315080191A01BB29BB2D31A9BB2A7F84E307B68B3F9B0
S315080191B03E309AB2B7F84E3013449BB21AB27B6866
S315080191C0DA877B68B3F93C30DB101BB29AB27B684D
S315080191D0B3F93E309BB213449BB21AB27B68A3F82B
S315080191E040207B6800225A63354B1B88002B00F010
S315080191F0DF847B681B7D062B00F2DA847B685A6A5A
S31508019200304B1B68D31A013B002BC0F28F807B6859
S315080192105A6A2B4B1B8819462A4B1B680B44D31ACF
S315080192200133002B00F38280274B5B687B647B68E4
S315080192305A6A244B1B68D31A7B62234B5B68002B43
S3150801924006D1224B40F294522149224805F036F8BC
S315080192507B6A4FF6FE72934206D91C4B40F2955231
S315080192601D491C4805F02AF87B6AA7F84230164BB7
S315080192705B681B89B7F842209A4206D9134B40F21C
S3150801928097521649134805F019F80F4B1A89B7F87A
S315080192904230D31A9AB20C4B1A810B4B5B681A8966
S315080192A0B7F84230D31A7B842AE000BF6008020867
S315080192B06808020854C0002050C0002014C00020CD
S315080192C056C000204CC000202CC00020F80402081B
S315080192D07008020844050208800802089008020876
S315080192E07B6C5B89B7F84220D31AA7F842307B6CAE
S315080192F07A8C1A817B6C00225A817B6C1B687B6491
S315080193007B6C5B89B7F842209A42E9D8B7F84230B4
S315080193101946786CFCF76EFB7B685B6A904A1360AA
S31508019320904BDB688E4A12685A600DE08C4B1A68BE
S315080193307B685B6AD31A002B06DA7B685B8B43F082
S3150801934002039AB27B685A83854B1A687B685B6A03
S31508019350D31A002BC0F22784814B1A687B685B6A93
S315080193607968098D0B44D31A0133002B00F31B844A
S315080193707B685A6A7A4B1B689A4240F09882794B05
S315080193801C89784BDB689B899BB21846FAF7C6FF9E
S315080193900346DBB203F00303002B01D0012300E0EF
S315080193A0002323449AB2704B1A807B681A8D6E4B40
S315080193B01B889A4274D26B4BDB689B899BB2184611
S315080193C0FAF7ACFF0346DBB203F00103002B1ED00C
S315080193D0644BDB689B899BB21BB223F47C531CB29A
S315080193E0604BDB689B899BB21846FAF797FF0346E1
S315080193F0DBB203F03E039BB21846FAF78FFF03462A
S315080194001BB223431AB2574BDB6892B29A817B6827
S315080194101A8D544B1A81534BDB689B899BB21846AC
S31508019420FAF77CFF0346DBB203F00203002B05D0F3
S315080194304C4B1B89013B9AB24A4B1A81494B5B68D3
S31508019440484A128911461846FCF7D4F9454B1C8936
S31508019450444BDB689B899BB21846FAF75FFF0346C4
S31508019460DBB203F00303002B01D0012300E0002344
S3150801947023449AB23C4B1A803B4B1B881A46384BFD
S315080194801B681A447B685B6A7968098D0B449A42A2
S3150801949006D0364B40F2CB523549364804F00EFF1A
S315080194A07B685B6F002B00F0E6802E4BDB689B899F
S315080194B09BB21846FAF732FF0346DBB203F0010303
S315080194C0002B10D00AE07B685B6FFB607B685B6FE3
S315080194D01A687B685A67F868FDF793FD7B685B6FC6
S315080194E0002BF0D1C7E07B685B6FFB6351E0FB6B38
S315080194F0DB689B899BB21846FAF710FF0346DBB275
S3150801950003F00103002B3CD0164BDB689B899BB209
S315080195101846FAF703FF0346DBB203F00203002BF2
S315080195202FD1104BDB689B899CB20120FAF7F6FE16
S3150801953003461A460B4BDB68224392B29A81094BC2
S315080195401C89084BDB689B899BB21846FAF7E6FE2D
S315080195500346DBB203F00303002B0DD001230CE015
S315080195604CC000202CC0002056C00020F804020878
S31508019570A008020844050208002323449AB2984B1E
S315080195801A80FB6B3B61FB6B1B68FB633869FDF754
S3150801959038FDFB6B002B0ED0914B1B881A46914B5D
S315080195A01B681A44FB6BDB685B68F96B09890B441A
S315080195B0D31A002B9BDAFB6B002B59D0884B1B88DF
S315080195C01A46884B1B681A44FB6BDB685B68D31A1F
S315080195D0002B4DDDFB6BDB685B689AB2814B1B6820
S315080195E09BB2D31A9AB2804B1A817F4BDB689B894F
S315080195F09BB21846FAF792FE0346DBB203F0020362
S31508019600002B05D0784B1B89013B9AB2764B1A8100
S31508019610754B5B68744A128911461846FCF7EAF8D5
S31508019620714B1C89704BDB689B899BB21846FAF70C
S3150801963075FE0346DBB203F00303002B01D00123B9
S3150801964000E0002323449AB2654B1A80644B1B88B9
S315080196501A46644B1B681A44FB6BDB685B689A42C3
S3150801966006D0624B40F2FC526149624804F026FE7C
S315080196707B68FA6B5A675A4B1B881A46594B1B6803
S315080196801A447B685A627B681A8D554B1B889A4225
S3150801969006D2564B40F207625749564804F00EFE69
S315080196A07B681A8D4E4B1B88D31A9AB27B681A852A
S315080196B07868FCF7C5FF4C4B5B681B89002B06D005
S315080196C0494B5B684D4A1360474B00225A60464B2B
S315080196D0DB689B899BB21846FAF720FE0346DBB284
S315080196E003F00103002B00F0B880454B1B7843F0CB
S315080196F02003DAB2424B1A70AFE07B685B6FBB603E
S315080197007B685B6FDB685B68364A1360BB681B89DD
S315080197101C46BB68DB689B899BB21846FAF7FEFDB7
S315080197200346DBB203F00303002B01D0012300E05B
S3150801973000231A197B685B6A1A447B685A627B683C
S315080197401B8D1C46BB681B891D46BB68DB689B894C
S315080197509BB21846FAF7E2FD0346DBB203F00303B0
S31508019760002B01D0012300E000232B449C4206D2A2
S315080197701E4B40F22B6223491E4804F09FFDBB682D
S315080197801B891C46BB68DB689B899BB21846FAF79E
S31508019790C5FD0346DBB203F00303002B01D0012309
S315080197A000E0002319197B681A8D8BB2D31A9AB275
S315080197B07B681A857868FCF743FFBB685B681B8979
S315080197C0002B28D00D4B1B68002B1DD00B4B1A689C
S315080197D0BB685B6819461046FCF760FA18E000BFDB
S315080197E056C000204CC000202CC00020F8040208F6
S315080197F0D808020844050208140902085CC00020BA
S3150801980059C0002034090208BB685B68704A1360B6
S31508019810BB6800225A60BB68DB689B899BB2184605
S31508019820FAF77CFD0346DBB203F00103002B0DD0EA
S31508019830684B1B7843F02003DAB2664B1A707B68D3
S315080198401B7D042B02D17B6807221A75BB681A682F
S315080198507B685A67B868FDF7D4FB7B685B6F002B9A
S3150801986008D07B685B6FDB685A687B685B6A9A42DB
S315080198703FF443AF7B685B8B03F00103002B0ED0EB
S315080198807B685B8B23F001039AB27B685A837B68FA
S315080198905B8B43F002039AB27B685A8387E17B6844
S315080198A05B8B43F001039AB27B685A837FE17B683D
S315080198B05B6F002B06D14848FDF7BCFB02467B6867
S315080198C05A676CE100237B637B685B6FBB6356E178
S315080198D0BB6BDB685A68414B1B689A421DD13E4BEC
S315080198E01A89BB6B1B899A4240F24E813A48FDF7A9
S315080198F0A1FB78617B69002B00F048817B6B002B0B
S3150801990003D07B6B7A691A6002E07B687A695A67C9
S31508019910B96B7869FFF7DEF838E17B6B002B17D155
S315080199202E4B1A68BB6BDB685B68D31A002B57DAB8
S315080199302948FDF77FFBB861BB69002B00F0288138
S315080199407B68BA695A67B96BB869FFF7C3F81FE14B
S31508019950224B1A687B6BDB685B68D31A013B002BC9
S315080199603EDB1E4B1A68BB6BDB685B68D31A013397
S31508019970002B35DC1848FDF75DFBF861FB69002B08
S3150801998000F008817B6BDB685B687A6B12891A4485
S31508019990124B1B68D31A002B12DD104B1B689AB2A7
S315080199A07B6BDB685B689BB2D31A9AB27B6B1A81B5
S315080199B07B6B5A687B6B1B8919461046FBF71AFFA6
S315080199C07B6BFA691A60B96BF869FFF783F8E1E00E
S315080199D05CC0002059C000202CC000204CC00020CB
S315080199E0BB6B7B63BB6B1B68002B40F0C5807F4B51
S315080199F01A68BB6BDB685B68D31A002B40F3BC8023
S31508019A00BB6BDB689B899BB21846FAF787FC034652
S31508019A10DBB203F00103002B40F0BE807448FDF76A
S31508019A2009FB0246BB6B1A60BB6B1B68002B00F077
S31508019A30B580BB6BDB685B68BA6B12891A446B4BE2
S31508019A401B68D31A002B12DD684B1B689AB2BB6BD5
S31508019A50DB685B689BB2D31A9AB2BB6B1A81BB6B84
S31508019A605A68BB6B1B8919461046FBF7C3FE614B47
S31508019A701B881A465D4B1B681A447B685B6A7968C2
S31508019A80098D0B44D31A002B40F38880BB6B1B68E6
S31508019A90DB689B899BB21846FAF740FC0346DBB2A2
S31508019AA003F00103002B21D0BB6B1B68DB689B8984
S31508019AB09BB21BB223F47C531CB2BB6B1B68DB68DD
S31508019AC09B899BB21846FAF729FC0346DBB203F0D9
S31508019AD03E039BB21846FAF721FC03461BB2234301
S31508019AE01AB2BB6B1B68DB6892B29A817B685B6AA8
S31508019AF09AB27B681B8D134499B23C4B1B689AB288
S31508019B00BB6B1B688A1A92B21A81BB6B1B685A68AF
S31508019B10BB6B1B681B8919461046FBF76BFEBB6BB3
S31508019B201B681C89BB6B1B68DB689B899BB2184643
S31508019B30FAF7F4FB0346DBB203F00303002B01D06B
S31508019B40012300E0002323449AB22A4B1A80294BA9
S31508019B501B881A46254B1B681A447B685B6A796819
S31508019B60098D0B449A4219D0234B4FF4DF622349DE
S31508019B70234804F0A3FB11E0BB6B1B68BB63BB6BFB
S31508019B80002B7FF4A5AE0AE000BF08E000BF06E09F
S31508019B9000BF04E000BF02E000BF00E000BF786834
S31508019BA001F030FA03E0786801F02CFA1AE019E0BE
S31508019BB00E4B1A687B685B6AD31A002B0ADB0B4BC0
S31508019BC01A687B685B6A7968098D0B44D31A013375
S31508019BD0002B07DD7B685B8B43F002039AB27B6837
S31508019BE05A83FFE700BF5037BD46B0BD4CC00020C1
S31508019BF02CC0002056C00020F8040208A00802085C
S31508019C004405020880B483B000AF154B1B885A1C63
S31508019C1091B2134A1180FB80124B1B68002B04D0AA
S31508019C20114B1B88FA889A4208D2104B1B681433C9
S31508019C303B60FB883A6813441B780BE0FB88DAB271
S31508019C40094B1B88DBB2D31A7B71064B1A687B79E1
S31508019C5013441B7818460C37BD465DF8047B7047DC
S31508019C6048C0002044C0002042C000203CC000205B
S31508019C7080B584B000AF78607B68002B06D1324B83
S31508019C8040F27D723149324804F018FB314B1B888A
S31508019C90002B56D0304B00221A8046E0FFF7B2FF60
S31508019CA00346FB73FB7B022B06D0022B2ADC002B17
S31508019CB042D0012B38D025E0FFF7A4FF0346042B39
S31508019CC03CD1254B1B880133224A1288934235DA47
S31508019CD0FFF798FF03461B02BB81FFF793FF034675
S31508019CE01A46BB891343BB81BB89B3F5067F04D8E2
S31508019CF0BB89002B01D0BA8901E04FF406727B6853
S31508019D005A8612E0FFF77EFF0346FB72FB7A012BA8
S31508019D1016D9FB7A9AB2104B1B8813449BB2023BA5
S31508019D209AB20D4B1A8000E000BF0B4B1A88094BFB
S31508019D301B889A42B2D304E000BF02E000BF00E0EC
S31508019D4000BF1037BD4680BDF80402085C09020849
S31508019D504405020840C0002048C0002080B400AF76
S31508019D60054B1B7843F01003DAB2034B1A7000BF98
S31508019D70BD465DF8047B704759C0002080B584B0A4
S31508019D8000AFF860B9607A60FB68002B0AD0FB68FF
S31508019D901B7A002B06D0FB681B7A1846FBF722FBB9
S31508019DA0034603E0786802F0ABFE0346184610370F
S31508019DB0BD4680BD90B587B000AFF860B9603B601D
S31508019DC01346FB71FB68002B05D1434BA32243497C
S31508019DD0434804F073FABB68002B05D13E4BA42215
S31508019DE040493F4804F06AFA97F828309B00DBB2ED
S31508019DF003F00403FB750320FAF768FF38613B6932
S31508019E00002B04D1B868FBF77BFE002360E03B69B1
S31508019E1097F828209A723B6900221A603B69BA684A
S31508019E205A60BB681A89FB7D9BB29A4205D22A4BB6
S31508019E30B0222D492A4804F041FABB681A89FB7DEC
S31508019E409BB2D31A9AB23B691A811421B868FBF7F7
S31508019E50C1FD0346002B04D03869FDF7D2F800236B
S31508019E6036E03B695B685A683B69DA60FB68DA8AFF
S31508019E703B69DC681046FAF751FA03462380FB680A
S31508019E801A8B3B69DC681046FAF748FA0346638081
S31508019E903B69DC683868FAF756FA03466360FB7D66
S31508019EA09B08DBB205339BB21B039AB2FB799BB2C3
S31508019EB013439AB23B69DC681046FAF72FFA034650
S31508019EC0A3813B69DB6800229A740022DA743B6934
S31508019ED018461C37BD4690BD78090208AC09020828
S31508019EE0CC090208F4090208180A020890B58BB0D1
S31508019EF002AF78600B467B800023FB6100237B6100
S31508019F0000233B617B68002B06D1954B40F24B320F
S31508019F109449954804F0D2F97B68DB6E7B617B69CD
S31508019F20002B02D14FF0FF3316E17B88002B09D1B4
S31508019F308B4B40F253328D498B4804F0BFF96FF0D1
S31508019F40050309E17B691B897A889A4201D30023B3
S31508019F5002E17B685B8E7A889A4206D9804B40F289
S31508019F605B328349804804F0A9F97B691B89002B78
S31508019F7006D17B4B4FF457727E497B4804F09EF914
S31508019F807B699B7AFB73FB7B9B00DBB203F00403C3
S31508019F90BB737B691A897B88D31ABB81BB7B9AB24F
S31508019FA0BB8913449BB24FF4207219463620FBF73E
S31508019FB0C3FA38613B69002B00F0B7807B695B689F
S31508019FC01A897B691B89D31A9AB27B8813447B81C8
S31508019FD07B6958683B695A68BB7BD1187B89BA8902
S31508019FE0FBF784FF03461A46BB89934240F09F80DC
S31508019FF07B69DB689B899BB21846FAF78FF903469A
S3150801A000DBB203F03F03FB760023BB76FB7E03F04E
S3150801A0100803002B07D0FB7E23F00803FB76BB7EE3
S3150801A02043F00803BB76FB7E03F00103002B07D040
S3150801A030FB7E23F00103FB76BB7E43F00103BB766F
S3150801A0407B69DB685B681846FAF77DF902467B8807
S3150801A050D118BA7EFB7B00930B4639697868FFF7FE
S3150801A060A9FEF861FB69002B63D07B695B6818461A
S3150801A070FBF7D4FD03461A467B68B3F866309B1A8C
S3150801A0809AB27B68A3F866207B6958687B695B6826
S3150801A0901A89BB89D31A9BB21946FBF7ABFB7B69B5
S3150801A0A01A89BB89D31A9AB27B691A817B69DB68DB
S3150801A0B09B899CB2FB7E9BB21846FAF72FF9034699
S3150801A0C01A467B69DB68224392B29A817B695B688F
S3150801A0D01846FBF7A3FD03461A467B68B3F86630B4
S3150801A0E013449AB27B68A3F86620FB695B68184635
S3150801A0F0FBF794FD03461A467B68B3F866301344AA
S3150801A1009AB27B68A3F866207B691A68FB691A60AC
S3150801A1107B69FA691A60FB691B68002B03D17B68A6
S3150801A1200022A3F86820002316E000BF02E000BF62
S3150801A13000E000BFFB69002B06D0094B4FF476728D
S3150801A1400D49094804F0BAF83B69002B02D0386971
S3150801A150FBF7D6FC4FF0FF3318462437BD4690BDB2
S3150801A160780902080C0D0208CC090208300D02080C
S3150801A170540D0208640D0208740D020890B585B0E5
S3150801A18000AF78607B68002B06D1214B40F2EB3299
S3150801A1902049214804F092F87B68DB6E002B2ED00B
S3150801A1A07B68DB6EFB6002E0FB681B68FB60FB6893
S3150801A1B01B68002BF8D1FB68DB689B899BB21846A4
S3150801A1C0FAF7ACF80346DBB203F00703002B16D106
S3150801A1D0FB68DB689B899CB20120FAF79FF8034666
S3150801A1E01A46FB68DB68224392B29A817B685B8BCD
S3150801A1F043F020039AB27B685A83002304E00121C5
S3150801A200786800F00BF8034618461437BD4690BD2A
S3150801A21078090208800D0208CC09020880B58AB0BF
S3150801A22002AF78600B46FB700023FB770023FB75B2
S3150801A230FB7803F00303002B06D1674B40F211426A
S3150801A2406649674804F03AF87B68002B06D1624BE9
S3150801A25040F213426349624804F030F8FB7803F090
S3150801A2600203002B01D00123FB77FB7F9B00DBB2A6
S3150801A27003F00403FB75FB7D9BB24FF4207219466C
S3150801A2803620FBF759F938613B69002B09D17B6800
S3150801A2905B8B43F080039AB27B685A834FF0FF3396
S3150801A2A095E03B695A89FB7D9BB29A4206D24A4B95
S3150801A2B040F239424C494A4804F000F87B68D96DA6
S3150801A2C0FA78FB7F00930B4639697868FFF772FDC8
S3150801A2D0F860FB68002B09D17B685B8B43F0800330
S3150801A2E09AB27B685A834FF0FF3370E0FB68DB68EC
S3150801A2F003F00303002B06D0374B40F242423B4999
S3150801A300374803F0DBFFFB681B89002B06D0324B6D
S3150801A31040F243423649324803F0D0FF7B68DB6E90
S3150801A320002B03D17B68FA68DA660DE07B68DB6E81
S3150801A330BB6102E0BB691B68BB61BB691B68002B7B
S3150801A340F8D1BB69FA681A607B680022A3F868200D
S3150801A350FB7803F00203002B04D1FB7803F0010319
S3150801A360002B04D07B68DB6D5A1C7B68DA65FB78A9
S3150801A37003F00103002B06D07B685B8B43F02003B7
S3150801A3809AB27B685A83FB685B681846FBF746FCFA
S3150801A39003461A467B68B3F8663013449AB27B685B
S3150801A3A0A3F866207B68B3F86630002B0ED07B686D
S3150801A3B01B6F002B0AD17B68DB6E002B06D1064B7F
S3150801A3C040F265420B49064803F078FF0023184618
S3150801A3D02037BD4680BD00BF780902089C0D0208DA
S3150801A3E0CC090208F40D0208140E0208500E0208E0
S3150801A3F0680E0208940E0208B0B58AB000AF7860FC
S3150801A4007B68002B06D18A4B40F2E14289498A488A
S3150801A41003F054FF7B681B7D012B06D1844B40F268
S3150801A420E3428649844803F049FF854B1B687A68ED
S3150801A4309A4201D10023CEE17B68B3F848207B68B4
S3150801A440B3F86030934228BF13469BB2BB617B6861
S3150801A450DB6E7B627B6A002B0BD17B685B8B03F01F
S3150801A4600203002B00F0AA81786800F0CBFD0346B1
S3150801A470B1E179687B6804331A467868FFF77EFC90
S3150801A48078617B69002B02D16FF00303A3E17B6836
S3150801A490002B03D07B681B68002B11D17B69002B2D
S3150801A4A002D07B69043300E000233B613B69002B42
S3150801A4B002D16FF003038EE13B691A687B681A6063
S3150801A4C07B6ADB685B681846F9F73DFF02467B68DD
S3150801A4D05B6CD31A7A6A12891344BA699A4227D2EB
S3150801A4E07B68B3F860301A46BB69934214D17B681E
S3150801A4F01B6F002B10D17B6893F89930002B0BD179
S3150801A5007B68002283F898207B68012283F89920CA
S3150801A5107B68002283F89A207B685B8B03F0020331
S3150801A520002B00F04D81786800F06CFD034652E17E
S3150801A5307B68002283F899207B681B6F3B623B6A24
S3150801A540002B00F01C8102E03B6A1B683B623B6AF8
S3150801A5501B68002BF8D112E17B6ADB689B899BB2E9
S3150801A5601846F9F7DBFE0346DBB203F00403002BBA
S3150801A57006D02F4B40F2365232492F4803F09EFE41
S3150801A5807B681B6F002B1FD07B685B8B03F0440332
S3150801A590002B19D17B68DB6E002B0BD07B68DB6E39
S3150801A5A01B68002B10D17B68DB6E1A897B685B8E72
S3150801A5B09A4209D27B68B3F86430002B04D07B68D1
S3150801A5C0B3F86630082B01D9012300E00023002BDC
S3150801A5D006D17B685B8B03F0A003002B00F0E480B7
S3150801A5E07B681B7D022B0DD07B6ADB689B899CB23D
S3150801A5F01020F9F793FE03461A467B6ADB68224365
S3150801A60092B29A817A697968786A00F009F90346FB
S3150801A610FB7397F90F30002B16D07B685B8B43F0E1
S3150801A62080039AB27B685A8397F90F30D3E000BF4B
S3150801A63078090208BC0E0208CC090208D40E0208E1
S3150801A64060C00020FC0E02087B6A1A687B68DA661D
S3150801A6507B681B7D022B06D07B685B8B23F003038B
S3150801A6609AB27B685A837B6ADB685B681846F9F796
S3150801A6706AFE04467B6A1B891D467B6ADB689B89E1
S3150801A6809BB21846F9F74AFE0346DBB203F0030309
S3150801A690002B01D0012300E000232B442344BB6097
S3150801A6A07B681A6DBB68D31A002B02DA7B68BA6815
S3150801A6B01A657B6A1B891C467B6ADB689B899BB288
S3150801A6C01846F9F72BFE0346DBB203F00303002B0A
S3150801A6D001D0012300E000232344002B49D07B6AE3
S3150801A6E000221A607B681B6F002B05D17B687A6A8A
S3150801A6F01A677B6A3B623FE07B6ADB685B681846E0
S3150801A700F9F721FE04463B6ADB685B681846F9F7E8
S3150801A7101AFE0346E31A002B24DA7B687033FB61C1
S3150801A72002E0FB691B68FB61FB691B68002B11D002
S3150801A730FB691B68DB685B681846F9F704FE044683
S3150801A7407B6ADB685B681846F9F7FDFD0346E31A81
S3150801A750002BE6DBFB691A687B6A1A60FB697A6A71
S3150801A7601A6009E03B6A7A6A1A603B6A1B683B62AF
S3150801A77002E0786AFCF745FC7B68DB6E7B627B6AE4
S3150801A780002B12D07B6ADB685B681846F9F7DBFD9C
S3150801A79002467B685B6CD31A7A6A12891344BA69D2
S3150801A7A09A42BFF4D9AE00E000BF7B68DB6E002B8E
S3150801A7B008D17B680022A3F8682004E000BF02E004
S3150801A7C000BF00E000BF7B685B8B23F080039AB271
S3150801A7D07B685A83002318462837BD46B0BD00BF9B
S3150801A7E080B582B000AF78607B68002B06D1094B33
S3150801A7F040F29A520849094803F060FD7B685B6894
S3150801A8009B7B012B01D0012300E000231846083762
S3150801A810BD4680BD78090208140F0208CC09020852
S3150801A820B0B58CB004AFF860B9607A60FB68002BEC
S3150801A83006D1644B4FF4B7626349644803F03EFDA1
S3150801A840BB68002B06D15F4B40F2B95260495F489D
S3150801A85003F034FD7B68002B06D15A4B40F2BA52FD
S3150801A8605C495A4803F02AFDF868FFF7B9FF034621
S3150801A870002B01D00023A1E0BB685A6AFB68DC689B
S3150801A8801046F9F760FD0346A360BB685A8DFB685D
S3150801A890DC681046F9F742FD0346E381BB685B6A4B
S3150801A8A0BA68528D1A44BB68DA62FB68DB681433EE
S3150801A8B0FB61FB689B7A03F00103002B15D0BB688B
S3150801A8C004331A4679684FF40670FCF791FE03467D
S3150801A8D07B837B8B43F001731846F9F734FD0246F7
S3150801A8E0FB691A60FB690433FB61BB68B3F9303055
S3150801A8F0002B02DABB6800221A86BB685B6B002B49
S3150801A9000CD1354B1A68BB685A63FB68DB685B6810
S3150801A9101846F9F718FD0246BB689A63FB68DA68B8
S3150801A920FB685B685B68D31A3B83FB685B6859897C
S3150801A930FB685B683A8B8A1A92B25A81FB685B6834
S3150801A9401989FB685B683A8B8A1A92B21A81FB6885
S3150801A9505B68FA68D2685A60FB68DB6800221A7479
S3150801A96000225A74FB68DA68FB689B7A03F00103D4
S3150801A970002B01D0182300E014231344FA699A42E4
S3150801A98006D0104B40F21C621449104803F096FC9D
S3150801A990FB685868B968BB681C1DBB68DD7ABB686B
S3150801A9A09B7A7A6802920622019200932B462246E6
S3150801A9B002F064FA0346FB7597F9173018462037F3
S3150801A9C0BD46B0BD780902083C0F0208CC09020849
S3150801A9D05C0F02087C0F020814C00020A00F0208B1
S3150801A9E0B0B584B000AF78607B68002B06D1314BD7
S3150801A9F040F263623049314803F060FC7B681B6FA3
S3150801AA00002B02D16FF0050350E07B681B6FFB60DA
S3150801AA100BE0F868FFF7E4FE0346002B02D06FF05F
S3150801AA20050343E0FB681B68FB60FB681B68002B9A
S3150801AA30EFD1F868FFF7D4FE0346002B02D06FF07A
S3150801AA40050333E07B68DA6EFB681A607B681A6F68
S3150801AA507B68DA667B6800221A677B685B8B43F43E
S3150801AA6000639AB27B685A83FB68DB685B681846A1
S3150801AA70F9F769FC0446FB681B891D46FB68DB6818
S3150801AA809B899BB21846F9F749FC0346DBB203F0EA
S3150801AA900303002B01D0012300E000232B44E21815
S3150801AAA07B68DA647B6800225A63002318461037EC
S3150801AAB0BD46B0BD78090208B40F0208CC090208E0
S3150801AAC080B582B000AF78607B68002B06D10D4B4C
S3150801AAD04FF4D3620C490D4803F0F0FB7B6893F8F9
S3150801AAE04230FF2B07D07B6893F842300133DAB244
S3150801AAF07B6883F842207868FFF77EFC00BF083739
S3150801AB00BD4680BD78090208D80F0208CC0902089B
S3150801AB1080B582B000AF78607B68002B06D10A4BFE
S3150801AB2040F2AD6209490A4803F0C8FB7868FFF7A5
S3150801AB3057FF0346002B02D17868FFF7C1FF00BF14
S3150801AB400837BD4680BD00BF78090208FC0F020818
S3150801AB50CC09020890B585B000AF78607B68002BF8
S3150801AB6006D12F4B40F2C1622E492F4803F0A6FBAE
S3150801AB707B681B6F002B02D16FF005034CE07B68E5
S3150801AB801B6FBB60B868FFF72BFE0346002B02D08C
S3150801AB906FF0050340E0BB681A687B681A677B6833
S3150801ABA06C33FB6002E0FB681B68FB60FB681B6893
S3150801ABB0002B11D0FB681B68DB685B681846F9F740
S3150801ABC0C2FB0446BB68DB685B681846F9F7BBFB42
S3150801ABD00346E31A002BE6DBFB681A68BB681A60B2
S3150801ABE0FB68BA681A60BB681B68002B03D17B68CF
S3150801ABF00022A3F868207B6893F84230FF2B07D020
S3150801AC007B6893F842300133DAB27B6883F84220D5
S3150801AC107B6800225A63002318461437BD4690BD47
S3150801AC207809020818100208CC09020880B582B012
S3150801AC3000AF78607B68002B06D12A4B40F2F96297
S3150801AC4029492A4803F03AFB7B681B6F002B44D03D
S3150801AC507B685B8B03F00403002B3ED17868FFF712
S3150801AC6079FF0346002B38D17B68B3F860207B68EF
S3150801AC70B3F84830934228BF13469BB2DA0F134400
S3150801AC805B109AB27B68A3F84A207B68B3F84A300E
S3150801AC901A467B685B8E5B009A4206D27B685B8E9E
S3150801ACA05B009AB27B68A3F84A207B68B3F84A200E
S3150801ACB07B685B8E194649000B449BB213449AB2D2
S3150801ACC07B68A3F848207B685B8B43F004039AB240
S3150801ACD07B685A837B6800221A8600BF0837BD46FF
S3150801ACE080BD00BF7809020830100208CC090208A5
S3150801ACF080B586B000AFF8607B600B467B81134652
S3150801AD003B817A893B8913449BB214339BB24FF436
S3150801AD10207219462220FAF70FFC78617B69002B0D
S3150801AD204DD07B8913337A695289934206DB264BC8
S3150801AD3040F223722549264803F0C0FA7B695B680D
S3150801AD403B613B8C1846F9F7E9FA03461A463B6913
S3150801AD501A80BB8C1846F9F7E1FA03461A463B698D
S3150801AD605A803B697A685A60F868F9F7ECFA02463C
S3150801AD703B699A607B899B089BB205339BB21B038F
S3150801AD809AB297F828309BB213439BB21846F9F743
S3150801AD90C5FA03461A463B699A81BB8D1846F9F7E7
S3150801ADA0BDFA03461A463B69DA813B6900221A74E1
S3150801ADB000225A743B6900229A740022DA747B696C
S3150801ADC018461837BD4680BD780902085010020892
S3150801ADD0CC090208B0B58AB004AFF8607B600B46AF
S3150801ADE07B8113463B81FB68002B06D1154B40F24C
S3150801ADF042721549154803F061FAFB68586AFB68FF
S3150801AE00DB8AFA68128BF968498D3D897C89039139
S3150801AE1010210291019200937B682A462146FFF789
S3150801AE2067FF78617B69002B06D0FB685B6AFA6865
S3150801AE30528D1A44FB68DA627B6918461837BD4693
S3150801AE40B0BD00BF7809020880100208CC090208C3
S3150801AE5080B588B000AFF860B96011461A460B464E
S3150801AE60FB711346BB710023FB83BB68002B06D11C
S3150801AE70124B40F256721249124803F01FFABB6888
S3150801AE805B68BB61BB6914337B61FB8B9B001A460C
S3150801AE90FB799B0003F0040313441433BA69134482
S3150801AEA07A699A4206D0054B40F2757206490548F9
S3150801AEB003F004FA00BF2037BD4680BD78090208B1
S3150801AEC0A8100208CC090208A00F020880B58AB0AA
S3150801AED004AFF860B9607A603B60BB68002B06D1A5
S3150801AEE01C4B40F287721C491C4803F0E7F93A6883
S3150801AEF07968F868FEF742FF38613B69002B02D191
S3150801AF00FC23FB751CE0FB68002B06D0FB68DB7A8B
S3150801AF10BB75FB689B7A7B7503E0FF23BB75002332
S3150801AF207B75BA7D3B690293062301937B7D00936A
S3150801AF3013463A687968B86801F0A0FF0346FB75BD
S3150801AF40B868FAF7DDFD97F9173018461837BD4680
S3150801AF5080BD00BF78090208D0100208CC09020892
S3150801AF6090B58BB004AFF860B9607A603B603B6816
S3150801AF70002B06D11F4B40F2C4721F491F4803F02C
S3150801AF809DF9BB6A002B06D11A4B40F2C5721C49C2
S3150801AF901A4803F093F90023FB7546F20803BB82AE
S3150801AFA0FB7D9CB2B868F9F7CEF90246BB8A0393D2
S3150801AFB0142302933B8E0193BB8D00931346002203
S3150801AFC021467868FFF794FE38613B69002B0CD05F
S3150801AFD0FB7D00223969F868FFF73AFFBB6A3A68D0
S3150801AFE03969F868FFF772FF00E000BF1C37BD46F4
S3150801AFF090BD00BF78090208FC100208CC090208B6
S3150801B0001811020890B587B000AF78600023FB7568
S3150801B0100023BB757B68002B06D1284B40F2EA72E8
S3150801B0202749284803F04AF9FB7D9B00DBB203F068
S3150801B03004037B757B7D9CB27B681B6D1846F9F70B
S3150801B04082F90346002221467868FFF7C3FE386174
S3150801B0503B69002B09D17B685B8B43F003039AB2EA
S3150801B0607B685A836FF0010323E0BB7DFA7D39695A
S3150801B0707868FFF7EDFE7A687B6804333969786882
S3150801B080FFF724FF0346FB7397F90F30002B07D010
S3150801B0907B685B8B43F003039AB27B685A8306E0AD
S3150801B0A07B685B8B23F003039AB27B685A8397F913
S3150801B0B00F3018461C37BD4690BD00BF78090208F7
S3150801B0C034110208CC09020890B587B000AF786040
S3150801B0D00023FB757B68002B06D1184B40F624022A
S3150801B0E01749184803F0EAF8FB7D9CB27B681B6D8B
S3150801B0F0013B1846F9F727F90346002221467868E5
S3150801B100FFF768FE38613B69002B02D14FF0FF3328
S3150801B11010E0FB7D002239697868FFF799FE7A68A5
S3150801B1207B68043339697868FFF7D0FE0346FB73F9
S3150801B13097F90F3018461C37BD4690BD78090208A5
S3150801B14054110208CC09020890B58BB000AF78609B
S3150801B150002387F827307B68002B06D14C4B40F635
S3150801B1604F024C494C4803F0A9F87B68DB6E3B62F9
S3150801B1703B6A002B01D1002386E07B6893F89A305D
S3150801B180FF2B07D07B6893F89A300133DAB27B68D4
S3150801B19083F89A203B6ADB689B899BB21846F9F7C4
S3150801B1A0BDF80346DBB203F00103002B05D03B6A69
S3150801B1B01B89002B01D1012300E00023FB77FB7FCC
S3150801B1C0002B0CBF01230023DBB2BB8397F8273082
S3150801B1D099B23B6ADB685B68BA8B7868FFF7FAFD58
S3150801B1E0B861BB69002B02D14FF0FF334CE0BB6954
S3150801B1F05B687B61FB7F002B11D07B699B899BB2C6
S3150801B2001BB223F47C531CB21120F9F787F80346C5
S3150801B2101BB223431BB29AB27B699A8110E0BB69C0
S3150801B2205B6814333B613B6A58683B6A5B681A89F9
S3150801B2303B6A1B89D31A9BB201223969FAF756FE72
S3150801B2403B6ADB685B681846F9F77DF80346013304
S3150801B250FB607B681A6DFB68D31A002B02DA7B68E0
S3150801B260FA681A6597F827300022B9697868FFF7EE
S3150801B270EFFD7A687B680433B9697868FFF726FEBB
S3150801B2800346FB7297F90B3018462C37BD4690BD1D
S3150801B2907809020870110208CC09020880B582B043
S3150801B2A000AF7860FAF710FF0A4B1B68002B03D131
S3150801B2B0094B1B68002B05D000220849FA2000F02B
S3150801B2C0F3F803E0064B00221A6000BF00BF0837F7
S3150801B2D0BD4680BD20C0002024C000209DB20108C3
S3150801B2E06CC0002080B500AF0A4B1B68002B0FD13C
S3150801B2F0094B1B68002B03D1084B1B68002B07D091
S3150801B300044B01221A6000220549FA2000F0CCF804
S3150801B31000BF80BD6CC0002020C0002024C00020D2
S3150801B3209DB2010880B586B000AFF860B9607A6051
S3150801B3300A20F9F7CBFC38613B69002B09D13B6937
S3150801B340002B51D12A4BBE222A492B4802F0B6FFBF
S3150801B3504AE03B6900221A603B69BA689A603B6910
S3150801B3607A68DA603B69FA685A60244B1B68002BD5
S3150801B37003D1224A3B69136037E03B695A681F4B80
S3150801B3801B685B68D31ADB0F03F00103DBB2002BE2
S3150801B39007D01A4B1A683B691A60184A3B69136049
S3150801B3A023E0164B1B687B611AE07B691B68002B3F
S3150801B3B00BD03B695A687B691B685B68D31ADB0F3C
S3150801B3C003F00103DBB2002B07D07B691A683B69DE
S3150801B3D01A607B693A691A6007E07B691B687B61B9
S3150801B3E07B69002BE1D100E000BF1837BD4680BD5F
S3150801B3F094110208C81102080812020864C0002044
S3150801B40080B586B000AF78607B687B617B695B68D5
S3150801B4109847F4F75DFD38617B691A680F4B1B681D
S3150801B4201344FB60FA683B69D31ADB0F03F0010387
S3150801B430DBB2002B09D07B691A683B6913447A6829
S3150801B44007491846FFF76EFF04E07A680449F86869
S3150801B450FFF768FF00BF1837BD4680BD68C00020EA
S3150801B46001B4010880B582B000AF01237B600EE00C
S3150801B4700B4A7B6852F833007B68DB00084A1344A1
S3150801B4801A46084900F010F87B6801337B607B682F
S3150801B490022BEDD900BF00BF0837BD4680BD00BFEE
S3150801B4A0E41D020801B4010880B586B000AFF86052
S3150801B4B0B9607A60FB68B3F1804F06D30A4B40F254
S3150801B4C029120A490A4802F0F9FEF4F701FD024673
S3150801B4D0FB6813447B617A68B9687869FFF722FFCC
S3150801B4E000BF1837BD4680BD941102083012020804
S3150801B4F00812020880B584B000AFF4F7E9FCF860D9
S3150801B500174B1B68BB60BB68002B22D0BB685B6806
S3150801B510FA68D31ADB0F03F00103DBB2002B1AD149
S3150801B520BB681B680E4A1360BB689B687B60BB6877
S3150801B530DB683B60BB685B680A4A1360B9680A2026
S3150801B540F9F73AFC7B68002BDAD07B6838689847AC
S3150801B550D6E700BF00E000BF1037BD4680BD00BF7B
S3150801B56064C0002068C0002080B582B000AF164BC9
S3150801B5701B68002B02D14FF0FF3320E0F4F7A8FC3B
S3150801B5807860114B1B685A687B68D31ADB0F03F086
S3150801B5900103DBB2002B01D0002310E00A4B1B6824
S3150801B5A05A687B68D31A3B603B68002B06DA074B5F
S3150801B5B04FF4DC720649074802F080FE3B681846DC
S3150801B5C00837BD4680BD00BF64C00020941102083B
S3150801B5D0681202080812020880B500AF02F06EFD73
S3150801B5E003469BB2C3F30D039BB2A3F580439AB2FC
S3150801B5F0014B1A8000BF80BD2C00002080B584B0A5
S3150801B60000AFF860B9601346FB71FB68002B05D1E2
S3150801B610274B87222749284802F050FEBB68002B92
S3150801B62005D1234B88222549234802F047FEFB68AA
S3150801B6301B7A002B0BD0FB681A7A214B5B6893F8AF
S3150801B64030300133DBB29A4201D000232BE0FB797B
S3150801B650002B18D0FB68002B13D0FB681B68002B46
S3150801B6600FD0174B5B69B3F1FF3F0AD0FB681A6825
S3150801B670134B5B695A40BB6808331B681340002BA0
S3150801B68010D101230FE0FB68002B09D0FB681B686A
S3150801B690002B05D0FB681A68094B5B699A4201D1F0
S3150801B6A0012300E0002318461037BD4680BD00BFC0
S3150801B6B07C120208AC120208D0120208F81202081B
S3150801B6C0008B002090B58DB002AF786039600023F9
S3150801B6D0FB767B68002B05D17C4BCF227C497D48C4
S3150801B6E002F0ECFD3B68002B05D1784BD0227A4954
S3150801B6F0784802F0E3FD7B685B89072B03D87868F5
S3150801B700FAF7FEF9DEE07B685B687B61734B5B6980
S3150801B710724A12681146184601F088FC0346FB7402
S3150801B7207B691B889BB21846F8F7F8FD03463B82EE
S3150801B7307B695B889BB21846F8F7F0FD0346FB81E7
S3150801B74000237B6200233B620023FB61644B1B6879
S3150801B7507B6254E07B6A5B8AFA899A424AD1FB7C0E
S3150801B7601A463968786AFFF749FF0346002B41D024
S3150801B7707B6A1B7C03F00403002B1DD1FB69002B9C
S3150801B78002D17B6AFB6117E0FB7C002B14D0534B7B
S3150801B7905B69B3F1FF3F0FD1FB691A683B68043354
S3150801B7A01B689A4208D07B6A1A683B6804331B688F
S3150801B7B09A4201D17B6AFB617B6A9B8A3A8A9A42E1
S3150801B7C018D17B6A5B68002B05D07B6A5A68434BA4
S3150801B7D01B699A420ED13B6A002B14D07B6ADA6840
S3150801B7E03B6ADA603E4B1A687B6ADA603C4A7B6AD6
S3150801B7F0136008E07B6A3B627B6ADB687B627B6A73
S3150801B800002BA7D100E000BF7B6A002B01D1FB69A1
S3150801B8107B627B6A002B02D00123FB760AE03B6838
S3150801B82004331A682D4B5B699A420CBF0123002326
S3150801B830DBB2FB76FB7E002B41D008217868FAF74C
S3150801B840D9F80346002B0AD0204B4FF4B872254984
S3150801B850204802F033FD7868FAF752F932E07B6A3C
S3150801B860002B12D07B6A9B69002B0AD07B6A9C69E4
S3150801B8707B6AD8693B8A00931B4B7A68796AA04729
S3150801B88021E07868FAF73CF91CE0FB7C002B12D121
S3150801B890124B5B6903F0F003E02B0CD00F4B9B892D
S3150801B8A008339BB21BB219467868FAF716F90321D1
S3150801B8B0786801F09BF87868FAF722F903E0786866
S3150801B8C0FAF71EF900BF2C37BD4690BD7C12020857
S3150801B8D020130208D012020838130208008B002030
S3150801B8E070C0002054130208108B002080B485B064
S3150801B8F000AF786039607B68002B1ED07B681B68B7
S3150801B900002B1AD03B68002B17D03B681B68002B0D
S3150801B91013D00D4B1B68FB600CE0FB681A687B684B
S3150801B9201B689A4203D13B681A68FB681A60FB6870
S3150801B930DB68FB60FB68002BEFD100BF1437BD46FF
S3150801B9405DF8047B704700BF70C0002080B582B0E7
S3150801B95000AF786015497A6813465B001344DB002B
S3150801B9600B441B68002B13D010497A6813465B00F9
S3150801B9701344DB000B441B681846FAF7C1F80B4958
S3150801B9807A6813465B001344DB000B4400221A60F5
S3150801B99006497A6813465B001344DB000B441433EB
S3150801B9A000221A7000BF0837BD4680BD74C000204A
S3150801B9B080B582B000AF00237B6096E04F497A6874
S3150801B9C013465B001344DB000B4414331B78FB70EE
S3150801B9D0FB78002B00F0868048497A6813465B009D
S3150801B9E01344DB000B4412331B88013398B24349D5
S3150801B9F07A6813465B001344DB000B441233024694
S3150801BA001A803E497A6813465B001344DB000B44EF
S3150801BA1012331B88B3F5967F15D238497A681346CF
S3150801BA205B001344DB000B4414331B78012B0ED146
S3150801BA3032497A6813465B001344DB000B44123320
S3150801BA401B88042B03D97868FFF780FF4AE02B4946
S3150801BA507A6813465B001344DB000B4414331B78E6
S3150801BA60032B0AD125497A6813465B001344DB0088
S3150801BA700B44143304221A7034E020497A681346B9
S3150801BA805B001344DB000B4414331B78042B0AD1E7
S3150801BA901A497A6813465B001344DB000B441433D6
S3150801BAA002221A701EE015497A6813465B00134490
S3150801BAB0DB000B4414331B78012B13D10F497A6829
S3150801BAC013465B001344DB000B44083318687A6895
S3150801BAD013465B001344DB00084A13440433194632
S3150801BAE000F06EFE7B6801337B607B68092B7FF76C
S3150801BAF065AF00BF00BF0837BD4680BD74C00020D2
S3150801BB0080B58AB000AFF8600B467A60FB720A23EB
S3150801BB10FB840A23BB840A237B8400233B840A23F0
S3150801BB20FB830023BB8300237B8300233B83002302
S3150801BB303B84AEE0B7F92020A64913465B001344BF
S3150801BB40DB000B4414331B78FB75B7F922300A2B3B
S3150801BB5005D1FB7D002B02D13B8C7B8495E0FB7DD7
S3150801BB60002B00F09280FB7D012B09D0FB7D012B78
S3150801BB7006D8994B40F223129849994802F09EFB40
S3150801BB80FB68002B20D0FB681968B7F9202091487B
S3150801BB9013465B001344DB00034404331B689942D4
S3150801BBA012D17B68002B0CD0B7F92020894913469E
S3150801BBB05B001344DB000B4408331B687A689A421E
S3150801BBC002D1B7F9203000E1FB7D012B40D1B7F94D
S3150801BBD02020804913465B001344DB000B441B6895
S3150801BBE0002B1AD0B7F920207A4913465B00134473
S3150801BBF0DB000B4412331B88BA8B9A4245D83B8C1F
S3150801BC00FB83B7F92020734913465B001344DB0015
S3150801BC100B4412331B88BB8337E0B7F920206D49E3
S3150801BC2013465B001344DB000B4412331B887A8BE3
S3150801BC309A422AD83B8CFB84B7F9202065491346DA
S3150801BC405B001344DB000B4412331B887B831CE027
S3150801BC50FB7D012B19D9B7F920205E4913465B00F4
S3150801BC601344DB000B4412331B883A8B9A420CD8D7
S3150801BC703B8CBB84B7F92020564913465B00134415
S3150801BC80DB000B4412331B883B833B8C01339BB28D
S3150801BC903B84B7F92030092B7FF74CAFFB7A03F0C9
S3150801BCA00203002B08D1B7F922300A2B07D1FB7AF8
S3150801BCB003F00103002B02D14FF0FF3385E0B7F9FA
S3150801BCC02230092B02DC7B8C3B8439E0B7F924301E
S3150801BCD0092B14DCBB8C3B84B7F920203D4913465C
S3150801BCE05B001344DB000B441B68002B18D03A4B4E
S3150801BCF040F26D123B493A4802F0E0FA10E0B7F912
S3150801BD002630092B02DCFB8C3B8409E0B7F91E308F
S3150801BD10092B02DCFB8B3B8402E04FF0FF3354E036
S3150801BD20B7F92030092B06DD2B4B40F27F122E493D
S3150801BD302B4802F0C3FAB7F920301846FFF706FE7A
S3150801BD40B7F92030092B06DD234B40F28312264929
S3150801BD50234802F0B3FAB7F920201E4913465B00BF
S3150801BD601344DB000B4414331B78002B06D01A4B03
S3150801BD704FF4C2721D491A4802F0A0FAFB68002B5B
S3150801BD800BD0B7F92020FB681968124813465B00E7
S3150801BD901344DB00034404331960B7F920200D4925
S3150801BDA013465B001344DB000B44123300221A804E
S3150801BDB0B7F92020074913465B001344DB000B44FF
S3150801BDC008337A681A60B7F9203018462837BD460D
S3150801BDD080BD00BF74C00020E015020818160208CD
S3150801BDE0581602088016020898160208AC160208A8
S3150801BDF080B588B002AFF860B9607A60FB70FB68FD
S3150801BE0093F82C30062B06D0484B40F2A912484924
S3150801BE10484802F053FABB68002B12D0BB681B686E
S3150801BE20002B0ED0BB681B68F968184601F0FEF8AE
S3150801BE300346002B05D1BB681B6803F0F003E02B12
S3150801BE4002D16FF00F036CE0FB78FA681946B868FF
S3150801BE50FFF756FE0346FB82B7F91630002B02DAC6
S3150801BE60FB8A5BB25DE0B7F91620334913465B00DE
S3150801BE701344DB000B44143302221A70B7F9162057
S3150801BE802D4913465B001344DB000B440833FA685B
S3150801BE901A60B7F9162013465B001344DB00083312
S3150801BEA0254A1344043306227968184602F037FBFB
S3150801BEB0B7F91620204913465B001344DB000B44EF
S3150801BEC0123300221A80B7F916201B4913465B0064
S3150801BED01344DB000B441B68002B21D0B7F916204D
S3150801BEE0154913465B001344DB000B441B683B6191
S3150801BEF0B7F91620104913465B001344DB000B44BF
S3150801BF0000221A60FB6803F126024FF400630093CE
S3150801BF107B683969F86801F097FF3869F9F7F0FD28
S3150801BF20002318461837BD4680BD00BFE015020834
S3150801BF30D81602085816020874C0002080B584B0C5
S3150801BF4000AF78600023FB601EE01349FA681346C8
S3150801BF505B001344DB000B4414331B78FB72FB7A3A
S3150801BF60002B0ED00C49FA6813465B001344DB001C
S3150801BF700B4408331B687A689A4202D1F868FFF7BE
S3150801BF80E5FCFB680133FB60FB68092BDDDD00BFBF
S3150801BF9000BF1037BD4680BD74C00020B0B58AB059
S3150801BFA004AF786039603B68002B07D13D4B40F2FE
S3150801BFB08A223D493D4802F081F96FE07B685B685A
S3150801BFC03B613B691B889BB2B3F5807F0CD13B690A
S3150801BFD01B79062B08D13B695B79042B04D13B6994
S3150801BFE05B889BB2082B03D07868F9F789FD55E081
S3150801BFF03B690E331B68FB603B6918331B68BB60E2
S3150801C0003B6804331B68002B02D10023FB7509E04A
S3150801C010BA683B6804331B689A420CBF01230023A4
S3150801C020DBB2FB753B6903F10802FB7D002B01D0EE
S3150801C030012300E0022307F10C013868FFF7D8FE57
S3150801C0403B69DB889BB2B3F5807F03D0B3F5007FEC
S3150801C0501ED020E0FB7D002B1CD03B6803F1260097
S3150801C0603B6903F108043B6803F126053B68043381
S3150801C0703A6908320221039107F10C0102910192F2
S3150801C08000932B4622460146386800F0EBFA01E098
S3150801C09000BF00E000BF7868F9F732FD1837BD46E2
S3150801C0A0B0BD00BFE015020830170208581602088D
S3150801C0B080B586B002AFF860B9601346FB71FA79AC
S3150801C0C0444913465B001344DB000B4414331B78C5
S3150801C0D0012B06D8404B40F2EE224049404802F077
S3150801C0E0EDF8FA793B4913465B001344DB000B4430
S3150801C0F014331B78022B53D1FA79364913465B0060
S3150801C1001344DB000B4412331B88B3F58E7F19D910
S3150801C110FA7913465B001344DB002E4A13440433B1
S3150801C1201946F86800F04CFB0346002B38D1FA791A
S3150801C130284913465B001344DB000B4414330322DE
S3150801C1401A702DE0FA79234913465B001344DB0084
S3150801C1500B4412331B88B3F5877F21D3FA7913462B
S3150801C1605B001344DB001B4A1344191DFA79134675
S3150801C1705B001344DB000833164A134404331A469A
S3150801C180F86800F0FBFA0346002B09D1FA79114940
S3150801C19013465B001344DB000B44143303221A7065
S3150801C1A0FB6803F12601FA7913465B001344DB00A9
S3150801C1B00833084A134404334FF4006200920A46CE
S3150801C1C0B968F86801F040FE034618461037BD46BF
S3150801C1D080BD00BF74C00020E01502085017020890
S3150801C1E05816020880B58AB002AFF860B9607A605D
S3150801C1F07B68BB61FB68002B06D1734B40F21E328C
S3150801C2007249734802F05AF8BB68002B06D16E4B87
S3150801C21040F21F326F496E4802F050F87B68002BD6
S3150801C22006D1694B4FF448726B49694802F046F8E2
S3150801C2307B681B68F968184600F0F8FE0346002B70
S3150801C24002D0664BFB61AFE07B681B6803F0F00325
S3150801C250E02B18D101233B7400237B745E23BB7446
S3150801C2607B6801331B7803F07F03DBB2FB747B68C1
S3150801C27002331B783B757B6803331B787B7507F1A3
S3150801C2801003FB6190E07B681A68FB6804331B683E
S3150801C2905A40FB6808331B681340002B12D07B6891
S3150801C2A01B689BB24FF6A96293420BD0FB680C330D
S3150801C2B01B68002B03D0FB680C33BB6102E06FF0EF
S3150801C2C003037DE0464B1B781946464A0B465B003D
S3150801C2D00B44DB00134414331B78012B25D9404B3F
S3150801C2E01B7819463F4A0B465B000B44DB00134497
S3150801C2F008331B68FA689A4217D1BB691A68384B22
S3150801C3001B781846374903465B000344DB000B4498
S3150801C31004331B689A4208D1314B1B781A46B9680F
S3150801C320F868FFF7C5FE03464AE00023FB7531E0CE
S3150801C330FA7D2C4913465B001344DB000B44143386
S3150801C3401B78012B23D9FA7D264913465B00134432
S3150801C350DB000B4408331B68FA689A4217D1BB699C
S3150801C3601968FA7D1F4813465B001344DB00034432
S3150801C37004331B6899420AD1194AFB7D1370FB7D68
S3150801C3801A46B968F868FFF793FE034618E0FB7D7D
S3150801C3900133FB75FB7D092BCAD9BA68B969F868F7
S3150801C3A000F022F803460BE0FB6803F126024FF47E
S3150801C3B000630093FB69B968F86801F045FD034617
S3150801C3C018462037BD4680BDE01502083017020819
S3150801C3D0581602088017020820170208001E0208CC
S3150801C3E064C1002074C0002080B58CB002AFF8602B
S3150801C3F0B9607A60FB6826337B61FF2387F82730AB
S3150801C40000233B62BB681B68F968184600F00EFEFC
S3150801C4100346002B0CD1BB681B6803F0F003E02B25
S3150801C42006D0BB68002B03D0BB681B68002B02D162
S3150801C4306FF00F0301E1FA680121B868FFF760FBA5
S3150801C44003467B82B7F91230002B02DA7B8A5BB28C
S3150801C450F3E07B8A7E2B06D97A4B40F2C1327A49C0
S3150801C4607A4801F02BFF7B8A7B747A7C78491346DC
S3150801C4705B001344DB000B4414331B78002B15D1E6
S3150801C48001233B627A7C724913465B001344DB0045
S3150801C4900B44143301221A707A7C6D4913465B00EA
S3150801C4A01344DB000B440833FA681A607A7C68493E
S3150801C4B013465B001344DB000B4414331B78012B32
S3150801C4C011D07A7C624913465B001344DB000B44A6
S3150801C4D014331B78012B06D85A4B40F2CD325D49ED
S3150801C4E05A4801F0EBFE3B6A002B02D17B68002B10
S3150801C4F00CD1B968F86800F063F9034687F8273064
S3150801C5007B68002B02D197F9273096E07B68002BD0
S3150801C51006D14C4B40F2E1324F494C4801F0CEFE70
S3150801C5207A7C4B4913465B001344DB000B441433F6
S3150801C5301B78012B17D9494A7B7C13707A7C1346E1
S3150801C5405B001344DB000833414A134404334FF4B8
S3150801C550006200927A697968F86801F075FC034609
S3150801C56087F8273067E07A7C394913465B0013441C
S3150801C570DB000B4414331B78012B5CD10023BB6110
S3150801C5807B68FB611CE0FB695A89FB691B899A4236
S3150801C5900AD1FB691B68002B06D02A4B40F2F132FF
S3150801C5A02F492A4801F08AFEFB691B7B03F04003E9
S3150801C5B0002B02D00123BB6105E0FB691B68FB6107
S3150801C5C0FB69002BDFD1BB69002B07D07A684FF4D2
S3150801C5D020710E20F9F7FCFCF86104E07B68FB6129
S3150801C5E0F869F9F733FBFB69002B21D07A7C1849E6
S3150801C5F013465B001344DB000B441B68002B0AD06F
S3150801C6007A7C134913465B001344DB000B441B6811
S3150801C6101846F9F775FA7A7C0D4913465B001344F7
S3150801C620DB000B44FA691A60002387F8273002E019
S3150801C630FF2387F8273097F9273018462837BD464C
S3150801C64080BD00BFE01502088C17020858160208BB
S3150801C65074C000209C1702088017020864C10020D4
S3150801C660C417020880B58AB002AFF860B9607A606B
S3150801C6703B600023FB77FB68002B06D13A4B40F25F
S3150801C68057423A493A4801F019FE4FF420721C21E3
S3150801C6900E20F8F751FFB861BB69002B02D14FF0A4
S3150801C6A0FF335DE0BB695B891B2B06D82E4B40F235
S3150801C6B0624230492E4801F001FEBB695B687B6125
S3150801C6C0BB8E1846F7F72AFE03461A467B69DA80B7
S3150801C6D0FB6893F82C30062B06D0234B40F26942AF
S3150801C6E02549234801F0EAFD7B69083306223968A2
S3150801C6F0184601F014FF7B6912330622F96A1846B7
S3150801C70001F00DFF7B690E33BA6A12681A607B69FC
S3150801C71018333A6B12681A607B6900221A70002274
S3150801C72042F001025A707B69002242F008029A70AF
S3150801C7300022DA707B6906221A717B6904225A7112
S3150801C74040F6060300937B68BA68B969F86801F090
S3150801C7507BFBB869F9F7D4F90023BB6197F91F3058
S3150801C76018462037BD4680BDE01502083017020875
S3150801C77058160208E01702081418020880B588B08E
S3150801C78004AFF860B9607A60FB6803F12601FB68BB
S3150801C79003F12600FB68043301220392BA68029268
S3150801C7A0064A0192009303467A68F868FFF75AFF2A
S3150801C7B0034618461037BD4680BD00BF081E02084D
S3150801C7C080B582B000AF78603960054A3968786803
S3150801C7D0FFF7D4FF034618460837BD4680BD00BF9C
S3150801C7E0001E020880B58EB004AF78603960794BB7
S3150801C7F09B687B627B6A1B7803F00F03DBB29B00A5
S3150801C800DBB27B847B8C132B40F2CD807B685B8902
S3150801C810032B40F2CA807B685B681B7887F8213056
S3150801C82097F82130002B00F0B780082B40F0B7802D
S3150801C830694BFB61674B5B6903F0F003E02B00F082
S3150801C840BB80644B5B69634A12681146184600F05F
S3150801C850EDFB0346002B40F0B1807B681B89072B53
S3150801C86040F2A5807B8C0E3319467868F9F7B2F841
S3150801C8700346002B4BD07B681A897B8C13447B8338
S3150801C8807B681B897A8B9A42C0F09A807B8B4FF41E
S3150801C890207219460E20F8F74FFE78617B69002B46
S3150801C8A000F090807B695B891A467B8C08339A4233
S3150801C8B003D27869F9F724F985E07B695B687A8C94
S3150801C8C0796A184601F02BFE7B8C19467869F9F7C7
S3150801C8D091F80346002B09D0404BB62240494148FE
S3150801C8E001F0ECFC7869F9F70BF96CE0796878697D
S3150801C8F0F9F72AFA0346002B03D07869F9F700F904
S3150801C90061E07868F9F7FCF87B697B600FE07B8C5E
S3150801C9100E3319467868F9F76DF80346002B06D0E9
S3150801C9202E4BC72230492F4801F0C8FC4BE07B68E3
S3150801C9305B683B617B8C19467868F9F74BF80346C7
S3150801C940002B2BD17B685B68FB60FB691A68FB6867
S3150801C950DA60204B1A69FB681A613B6900221A7072
S3150801C9603B6900229A700022DA70FB68FF221A726C
S3150801C970FB6800229A720022DA723B68029301234D
S3150801C980019300230093FF230022F969786800F0D8
S3150801C99075FA0346FB7201E000BF00E000BF786844
S3150801C9A0F9F7AEF813E000BF02E000BF00E000BFF0
S3150801C9B07868F9F7A5F80AE000BF04E000BF02E0CD
S3150801C9C000BF00E000BF7868F9F79AF800BF28377A
S3150801C9D0BD4680BD008B0020148B00205818020824
S3150801C9E090180208C8180208F018020880B582B023
S3150801C9F000AF78600B46FB70FB781A46032178680E
S3150801CA0000F014F800BF0837BD4680BD80B582B076
S3150801CA1000AF78600B46FB70FB781A460B217868E5
S3150801CA2000F004F800BF0837BD4680BD80B58CB05C
S3150801CA3004AF78600B46FB701346BB704FF4207247
S3150801CA4024212220F8F778FDF861FB69002B4CD0E8
S3150801CA50FB695B89232B06D8264B4FF4B47226490A
S3150801CA60264801F02BFC7B685B68BB61FB695B6848
S3150801CA707B617B69FA781A707B69BA785A707B6927
S3150801CA8000221A7100225A717B6900229A710022CA
S3150801CA90DA71FB695B6803F108007B685B681C2235
S3150801CAA0194601F03CFDBB69DB68FB6007F10C0325
S3150801CAB0184600F025F838613B69002B11D07B69CF
S3150801CAC000229A700022DA7007F10C023B69029380
S3150801CAD00123019300230093FF230021F86900F045
S3150801CAE0CDF9F869F9F70CF800E000BF2037BD4623
S3150801CAF080BD00BF5818020824190208C818020880
S3150801CB0080B485B000AF7860334B1B68FB6036E0B4
S3150801CB10FB6893F82D3003F00103DBB2002B2BD011
S3150801CB20FB6893F82D309B0803F00103DBB2002B59
S3150801CB3022D0FB6804331B68002B1DD07B681A685A
S3150801CB40FB6804331B685A40FB6808331B681340AB
S3150801CB50002B01D1FB6838E0FB6893F82D3003F010
S3150801CB600203002B08D17B681A68FB680C331B6823
S3150801CB709A4201D1FB6828E0FB681B68FB60FB68E9
S3150801CB80002BC5D1154B1B68002B1AD0134B1B68FC
S3150801CB9093F82D3003F00103002B12D00F4B1B68BD
S3150801CBA093F82D3003F00403002B0AD00B4B1B68B6
S3150801CBB004331B68002B04D07B681B68DBB27F2B10
S3150801CBC001D1002301E0054B1B6818461437BD4601
S3150801CBD05DF8047B704700BF08C000200CC0002028
S3150801CBE080B582B000AF78607B6893F82D3003F08A
S3150801CBF00103DBB2002B16D07B6804331B68002BBC
S3150801CC0011D00B4B5A697B6804331B689A4208D0CA
S3150801CC10074B5B697968184600F008FA0346002B4A
S3150801CC2001D0012300E0002318460837BD4680BD20
S3150801CC30008B002080B586B000AF786039607B68CC
S3150801CC405B687B617B691B781B09DBB2042B04D00B
S3150801CC507868F8F755FF002307E17B691B7803F02D
S3150801CC600F03DBB29B00DBB2FB817B695B889BB25E
S3150801CC701846F7F753FB0346BB817B681B89BA89BC
S3150801CC809A4204D2BB8919467868F8F7B3FD7B68DE
S3150801CC905B89FA899A4207D87B681B89BA899A42BD
S3150801CCA002D8FB89132B04D87868F8F729FF0023E3
S3150801CCB0DBE07B691B696F4A53617B69DB686D4AF7
S3150801CCC013616C4B5B6903F0F003E02B12D13B68EF
S3150801CCD093F82D3003F00103DBB2002B07D03B6834
S3150801CCE004331B68002B02D03B683B612AE0002312
S3150801CCF03B6127E03868FFF773FF0346002B02D034
S3150801CD003B683B611EE000233B615A4B5B69DBB222
S3150801CD107F2B17D0584B1B683B610EE03A693B687D
S3150801CD209A4206D03869FFF75BFF0346002B08D104
S3150801CD3000E000BF3B691B683B613B69002BEDD1F5
S3150801CD4000E000BF4B4B1B693968184600F06EF9C5
S3150801CD500346002B05D1474B1B6903F0F003E02B73
S3150801CD6004D17868F8F7CCFE00237EE03B69002BF6
S3150801CD7004D17868F8F7C4FE002376E07B69DB887E
S3150801CD809BB21A464FF63F731340002B0BD07868B7
S3150801CD9000F092FC78607B68002B01D1002364E0E7
S3150801CDA07B685B687B61334A3B691360314A3B6840
S3150801CDB05360304A7B6993607B691B7803F00F03E4
S3150801CDC0DBB29B00DBB21A462A4B9A81FB891946CC
S3150801CDD07868F8F70FFE7B695B7A112B06D0112B61
S3150801CDE013DC012B0CD0062B05D00EE039687868C8
S3150801CDF0FEF768FC26E039687868FAF7B7FC21E09F
S3150801CE0039687868FFF7EEFC1CE01A4B5B693969EB
S3150801CE10184600F00BF90346002B0FD1154B5B6939
S3150801CE2003F0F003E02B09D0B7F90E3019467868FC
S3150801CE30F8F753FE02217868FFF7D8FD7868F8F706
S3150801CE405FFE00BF0B4B00221A600A4B00225A6094
S3150801CE50084B00229A60074B00229A81054B002253
S3150801CE601A61044B00225A61002318461837BD4639
S3150801CE7080BD00BF008B002008C0002080B58AB0A5
S3150801CE8004AFF860B9607A60FB70BB687B617B6848
S3150801CE90002B09D0BB68002B03D0BB681B68002B8D
S3150801CEA002D1BB6A04337B61FA78BB6A029397F8AD
S3150801CEB02430019397F82030009313467A687969EC
S3150801CEC0F86800F005F8034618461837BD4680BDD0
S3150801CED080B588B000AFF860B9607A60FB70FB680E
S3150801CEE09B7B012B06D04B4B4FF455724A494B4855
S3150801CEF001F0E4F97B68002B60D014237B831421AD
S3150801CF00F868F8F767FD0346002B02D06FF00103B6
S3150801CF107CE0FB685B68FB61FB685B89132B06D8C1
S3150801CF203C4B4FF462723E493C4801F0C7F9FB6934
S3150801CF30FA781A72FB6997F82C205A727B681A6874
S3150801CF40FB691A617B8B9B089BB2DBB243F04003FA
S3150801CF50DAB2FB691A70FB6997F828205A70FB68E0
S3150801CF601B891846F7F7DAF903461A46FB695A8008
S3150801CF70FB6900229A710022DA712A4B1B8818462E
S3150801CF80F7F7CCF903461A46FB699A80254B1B88A5
S3150801CF9001339AB2234B1A80BB68002B04D1224B6A
S3150801CFA01A68FB69DA6003E0BB681A68FB69DA602C
S3150801CFB0FB6900229A720022DA720FE0FB685B892C
S3150801CFC0132B02D86FF0010320E0FB685B68FB6155
S3150801CFD0FB691B697B6107F114037B603B6B9B8CC7
S3150801CFE0002B0CD0FB681A893B6B9B8C9A4206D99D
S3150801CFF07A68396BF86800F053FD034606E03B6B27
S3150801D0005B697A68F968386B98470346184620378A
S3150801D010BD4680BD501902088419020890190208F4
S3150801D020B819020866C10020FC1D020880B485B043
S3150801D03000AF786039607B68FB607B68B3F1FF3FBE
S3150801D04002D07B68002B01D101232AE03B6893F8C3
S3150801D0502D3003F00203002B01D1002321E03B68A8
S3150801D06004331B687A689A4201D1002319E0FA68E9
S3150801D0703B6804331B685A403B6808331B681340F6
S3150801D080002B0DD13B6808331B68DA437B681A40CD
S3150801D0903B6808331B68DB439A4201D1012300E050
S3150801D0A0002318461437BD465DF8047B7047000017
S3150801D0B080B584B000AF0023BB60124B1B68FB60D0
S3150801D0C018E0FB68DB7F002B0BD0FB68DB7F013B9D
S3150801D0D0DAB2FB68DA77FB68BB60FB681B68FB6042
S3150801D0E008E0FB687B60FB681B68FB60B9687868C9
S3150801D0F000F00AF8FB68002BE3D100BF00BF103728
S3150801D100BD4680BD68C1002080B588B000AF786093
S3150801D11039600023FB833A687B689A4205D1454BFF
S3150801D120AB224549454801F0C9F83B68002B0AD0AE
S3150801D1303B681B687A689A4205D03E4BAD22404946
S3150801D1403E4801F0BBF87B685B685B687B617B697D
S3150801D1509B889BB2002B2AD17B685B68BB617B6984
S3150801D1601A687B685A60BB6958687B680833142259
S3150801D170194601F0D4F90121B869FFF747FCB869E6
S3150801D180F8F74CFD03467B82FA8B7B8A1344B3F589
S3150801D190803F05DB274BBC222A49284801F08EF837
S3150801D1A0FA8B7B8A1344FB83B869F8F7A9FC7B6879
S3150801D1B05B68BB611FE0BB695B687B61BB69FB6040
S3150801D1C07B691B68BB61F868F8F728FD03467B8213
S3150801D1D0FA8B7B8A1344B3F5803F05DB154BCC22CA
S3150801D1E01849164801F06AF8FA8B7B8A1344FB83BF
S3150801D1F0F868F8F785FCBB69002BDCD139687868D3
S3150801D20000F0C2F8104B1B88FA8B9A4205D9094BD4
S3150801D210D2220E49094801F051F80B4B1A88FB8BAB
S3150801D220D31A9AB2084B1A80FB8B18462037BD468B
S3150801D23080BD00BFE8190208241A0208301A02083C
S3150801D240581A02086C1A02086CC100208C1A0208C6
S3150801D25080B58AB000AF7860396000237B6100230E
S3150801D2603B620023FB610023BB6100233B61284B22
S3150801D2701B687B6230E07B6A5A697B68DB689A4285
S3150801D2800CD17B6A9A697B681B699A4206D17B6ACB
S3150801D2909A897B689B889BB29A4214D03B69013371
S3150801D2A03B613B6A002B04D17B6A3B62FB69BB612C
S3150801D2B009E07B6ADA7F3B6ADB7F9A4203D87B6A9D
S3150801D2C03B62FB69BB617B6A1B68002B01D07B6AE9
S3150801D2D0FB617B6A1B687B627B6A002BCBD13B6A4D
S3150801D2E0002B08D0B969386AFFF70EFFF8607A692A
S3150801D2F0FB6813447B617A693B689A4202DA3B69A7
S3150801D300012BACDC7B6918462837BD4680BD00BFBA
S3150801D31068C1002080B584B000AF78603960042008
S3150801D320F7F7D4FCF860FB68002B10D139687868E8
S3150801D330FFF78EFF02463B68934203DC0420F7F7AA
S3150801D340C5FCF860FB68002B01D1002316E02022FA
S3150801D3500021F86801F017F8FB680F22DA77094B04
S3150801D3601A68FB681A60074AFB681360FB6808338A
S3150801D37014227968184601F0D2F8FB681846103766
S3150801D380BD4680BD68C1002080B582B000AF786017
S3150801D3903960104B1B687A689A4204D17B681B680E
S3150801D3A00C4A13600DE03B68002B06D10A4B40F28C
S3150801D3B045120A490A4800F081FF7B681A683B68EA
S3150801D3C01A6079680420F7F7F7FC00BF0837BD46ED
S3150801D3D080BD00BF68C10020E8190208B01A02081A
S3150801D3E0301A020880B58CB000AFF860B9607A606F
S3150801D3F00023BB6201233B62BB685B68FB61FB6977
S3150801D4005B889BB21846F6F789FF03467B83FB695F
S3150801D4101B7803F00F03DBB29B007B767B7E9BB206
S3150801D4207A8B9A4202D24FF0FF3335E17B7E9BB26B
S3150801D4307A8BD31A7B83FB69DB889BB21846F6F78E
S3150801D4406DFF0346C3F30C039BB2DB00FB82BB688B
S3150801D4505B68FB62FB6A00221A7000225A7000227E
S3150801D4609A700022DA70FB6AFA8A9A80FA8A7B8BAA
S3150801D47013449AB2FB6ADA80FB6ADB889BB2FA8AA2
S3150801D4809A4202D94FF0FF3306E1FB685B687B627B
S3150801D49068E07B6A5B683B61FB6A9B889AB23B6979
S3150801D4A09B889BB29A4235D2FB6A7A6A1A60BB6A32
S3150801D4B0002B20D0FB6A9B889AB2BB6ADB889BB299
S3150801D4C09A4207D3FB6ADB889AB23B699B889BB26F
S3150801D4D09A4202D94FF0FF33DEE0BB6ABA681A6096
S3150801D4E0BB6ADB889AB2FB6A9B889BB29A423DD09B
S3150801D4F000233B623AE0FB6ADB889AB23B699B8868
S3150801D5009BB29A4202D94FF0FF33C5E0FB68BA686D
S3150801D5105A602BE0FB6A9B889AB23B699B889BB24F
S3150801D5209A4202D14FF0FF33B6E0FB6A9B889AB262
S3150801D5303B69DB889BB29A4202D24FF0FF33ABE0DC
S3150801D540BB6A002B09D0BB6ADB889AB23B699B8808
S3150801D5509BB29A4201D000233B623B691B687B62FE
S3150801D5603B69BB627B6A002B93D100E000BF7B6AF3
S3150801D570002B2DD1BB6A002B1CD0BB6ADB889AB263
S3150801D580FB6A9B889BB29A4206D9454B4FF4DB72DC
S3150801D5904449454800F092FEBB6ABA681A60BB6AFC
S3150801D5A0DB889AB2FB6A9B889BB29A4210D0002309
S3150801D5B03B620DE0FB685B68002B06D0384B4FF4E5
S3150801D5C0DF723A49384800F079FEFB68BA685A6052
S3150801D5D07B68002B05D1FB689B7F03F00103002BB9
S3150801D5E059D03B6A002B4FD0FB685B68002B06D0ED
S3150801D5F0FB685B685B689B889BB2002B02D00023A3
S3150801D6003B6241E0FB6ABB62FB6A1B687B6212E014
S3150801D6107B6A5B68FB62BB6ADB889AB2FB6A9B889A
S3150801D6209BB29A4202D000233B6207E0FB6ABB62C7
S3150801D630FB6A1B687B627B6A002BE9D13B6A002B7C
S3150801D64022D0FB685B68002B06D1154B40F2DF122E
S3150801D6501749154800F032FEFB685B685B68FA6A91
S3150801D6609A4206D10E4B4FF4F07211490E4800F05A
S3150801D67025FEFB6A1B68002B06D0094B4FF4F17295
S3150801D6800C49094800F01AFE3B6A002B14BF012316
S3150801D6900023DBB200E0002318463037BD4680BDC3
S3150801D6A0E8190208CC1A0208301A0208EC1A02080C
S3150801D6B0241B0208341B020880B58EB000AF7860BF
S3150801D6C07B685B68BB62BB6A1B7803F00F03DBB23E
S3150801D6D09B00DBB2142B40F07181BB6ADB889BB2DD
S3150801D6E01846F6F71BFE0346C3F30C039BB2DB0091
S3150801D6F0FB84BB6A5B889BB21846F6F70FFE0346A6
S3150801D700BB84BB6A1B7803F00F03DBB29B0087F867
S3150801D710233097F823309BB2BA8C9A42C0F05081D5
S3150801D72097F823309BB2BA8CD31ABB847868F8F77A
S3150801D73075FA03463B848C4B1B881A463B8C13446B
S3150801D7400A2B10DD3B8C1946B86AFFF781FD0346A3
S3150801D750002B00F03781844B1B881A463B8C1344F7
S3150801D7600A2B00F32F81814B1B683B6315E03B6B4A
S3150801D7705A69BB6ADB689A420CD13B6B9A69BB6AE8
S3150801D7801B699A4206D13B6B9A89BB6A9B889BB2F5
S3150801D7909A4206D03B6B1B683B633B6B002BE6D179
S3150801D7A000E000BF3B6B002B09D13B8C1946B86AD8
S3150801D7B0FFF7B0FD38633B6B002B1CD105E1BB6A53
S3150801D7C0DB889BB21846F6F7A9FD0346C3F30C039B
S3150801D7D0002B10D13B6BDB891846F6F79FFD0346F4
S3150801D7E0C3F30C03002B06D03B6B08331422B96A2A
S3150801D7F0184600F094FEBB6ADB889BB203F020034F
S3150801D800002B0CBF01230023DBB2FB61FB69002B54
S3150801D8100ED0FA8CBB8C13447B837A8BFB8C9A4291
S3150801D820C0F0A0807B8B4FF6EB72934200F29A8090
S3150801D830FA697968386BFFF7D5FD78617B69B3F1C9
S3150801D840FF3F00F09B80484B1A883B8C13449AB2E1
S3150801D850454B1A80FB69002B0DD0FA8CBB8C1344FF
S3150801D8607B823B6B7A8A9A833B6B9B7F43F00103EE
S3150801D870DAB23B6B9A777B69012B71D13B6B9B8B38
S3150801D88014333B823B6B5B685B681B687B633B6B52
S3150801D8905B685B68BB623B6B083314221946B86A3E
S3150801D8A000F03DFE3B8A1846F6F738FD03461A4650
S3150801D8B0BB6A5A80BB6A00229A710022DA71BB6A76
S3150801D8C000229A720022DA723B6B5B687B600DE07C
S3150801D8D07B6B5B68FB601421786BF8F78BF8796BC7
S3150801D8E07868F8F7DBF9FB681B687B637B6B002BB1
S3150801D8F0EED11E4B1B683A6B9A4202D10023FB629A
S3150801D90010E01A4B1B68FB6207E0FB6A1B683A6B5F
S3150801D9109A4206D0FB6A1B68FB62FB6A002BF4D1AC
S3150801D92000E000BFF96A386BFFF72EFD7868F8F753
S3150801D93075F903463B840C4B1B883A8C9A4206D9E7
S3150801D9400B4B40F29B220B490B4800F0B7FC064BE8
S3150801D9501A883B8CD31A9AB2034B1A807B6838E033
S3150801D960002336E000BF0AE06CC1002068C1002030
S3150801D970E8190208581B0208301A020800BF3B6B57
S3150801D980002B06D1154B4FF42A721549154800F09C
S3150801D99095FC3B6B5B68002B16D1134B1B683A6BE6
S3150801D9A09A4206D00D4B40F2AB2210490D4800F0C1
S3150801D9B085FC0021386BFFF7E7FC06E000BF04E0B1
S3150801D9C000BF02E000BF00E000BF7868F8F798F8EA
S3150801D9D0002318463837BD4680BD00BFE81902083E
S3150801D9E0741B0208301A020868C10020801B02084D
S3150801D9F080B500AF0520F7F769F90346184680BDDB
S3150801DA0080B582B000AF78607B68002B06D1074BE2
S3150801DA104FF431720649074800F050FC7968052031
S3150801DA20F7F7CAF900BF0837BD4680BDE8190208ED
S3150801DA30A01B0208301A020880B584B000AF7860CE
S3150801DA407B68FB60FB68002B06D1114B40F2CE22A6
S3150801DA501049114800F032FCFA687B689A4206D0F0
S3150801DA600B4B40F2CF220D490B4800F027FCFB680F
S3150801DA705B69002B04D0FB685B691846F8F740F828
S3150801DA80F868FFF7BDFF00BF1037BD4680BD00BF70
S3150801DA90E8190208AC1B0208301A0208B81B02086A
S3150801DAA080B594B002AFF860B9607A600023A7F830
S3150801DAB04630BB689B8C143B002B00DA0733DB101E
S3150801DAC07B871423FB87FB685B687B637B6B3B6304
S3150801DAD03B6B1B7803F00F03DBB29B00DBB2142B05
S3150801DAE002D06FF0050310E1FB685B89132B09D897
S3150801DAF0884B4FF43F728849884800F0DFFB6FF086
S3150801DB00050302E13B6BDB889BB21846F6F706FC78
S3150801DB100346BB87BB8FC3F30C03A7F84030BB8F03
S3150801DB2003F40053FB62FB681B89143BA7F84230D8
S3150801DB30E1E07B8FDB009BB2B7F84220934228BF16
S3150801DB4013467B854FF4207214210E20F7F7F4FC57
S3150801DB5078627B6A002B00F0D5807B6A5B89132B80
S3150801DB6006D86C4B4FF449726D496C4800F0A6FB18
S3150801DB707B6A5B681422796B184600F0D0FC7B6AD5
S3150801DB805B683B637B8DA7F8443064E0FB685A8980
S3150801DB90FB8FD31AFB83FB685B89FA8F9A4206D9F6
S3150801DBA05C4B40F22D325F495C4800F087FBFA8BEB
S3150801DBB0B7F84430934228BF1346A7F84630B7F85A
S3150801DBC04630002B05D10023FB87FB681B68FB60E9
S3150801DBD041E0FFF70DFFB861BB69002B03D1786AF5
S3150801DBE0F7F78EFF8FE0B869FB685A68FB8F134415
S3150801DBF0B7F84610B7F8462001920093034641222A
S3150801DC000020F7F7C3FD78617B69002B06D1B86957
S3150801DC10FFF7F6FE786AF7F773FF74E0F868F8F726
S3150801DC2015F8BB69FA685A61BB693F4A1A6179698D
S3150801DC30786AF8F733F8B7F84420B7F84630D31AB4
S3150801DC40A7F84430B7F84430002B04D00023FB87EB
S3150801DC50FB681B68FB60B7F84430002B96D1FA8F36
S3150801DC60B7F846301344FB87BB689B8CA3F11302B4
S3150801DC70B7F842309A42CCBF01230023DBB23B629C
S3150801DC80B7F84030C3F30C03BB873B6A002B02D0BD
S3150801DC90FB6A002B03D0BB8F43F40053BB87BB8FB2
S3150801DCA01846F6F73BFB03461A463B6BDA807B8D33
S3150801DCB014339BB21846F6F731FB03461A463B6BFB
S3150801DCC05A803B6B00229A720022DA72BB685B6942
S3150801DCD07A68796AB8689847786AF7F711FFB7F8E2
S3150801DCE042207B8DD31AA7F84230B7F840207B8FA4
S3150801DCF01344A7F84030B7F84230002B7FF419AF28
S3150801DD00002302E000BF4FF0FF3318464837BD46EF
S3150801DD1080BD00BFE8190208C41B0208301A0208B0
S3150801DD20E01B0208001C020839DA010880B586B032
S3150801DD3000AF786039600E23FB827B685B890E2B06
S3150801DD406ED97B68DB7B002B06D13B6893F83030B4
S3150801DD500133DAB27B68DA737B685B683B613B69DE
S3150801DD601A7B5B7B1B021343FB813B691B7803F020
S3150801DD700103002B23D03B691B78012B0FD13B698B
S3150801DD805B78002B1BD13B699B785E2B17D17B688F
S3150801DD905B7B43F01003DAB27B685A730FE03B6989
S3150801DDA006222849184600F0DEFA0346002B06D15A
S3150801DDB07B685B7B43F00803DAB27B685A73FB899D
S3150801DDC0082B03D0B3F5C16F14D032E03B6893F842
S3150801DDD02D3003F00803002B24D0FB8A19467868F6
S3150801DDE0F7F708FE0346002B1ED139687868FEF757
S3150801DDF021FF13E03B6893F82D3003F00803002B4D
S3150801DE0014D0FB8A19467868F7F7F4FD0346002B08
S3150801DE100ED139687868FEF7C1F800BF00230CE017
S3150801DE2000BF06E000BF04E000BF02E000BF00E05B
S3150801DE3000BF7868F7F764FE002318461837BD4611
S3150801DE4080BD00BF001E020880B586B000AFF8602D
S3150801DE50B9607A603B603B8C1846F6F75FFA034671
S3150801DE60FB820E21B868F7F7B5FD0346002B25D1CD
S3150801DE70BB685B683B613B69FA8A9A813B69062202
S3150801DE803968184600F04BFB3B6906330622796868
S3150801DE90184600F044FBFB6893F82C30062B06D095
S3150801DEA00A4B4FF499720A490A4800F007FAFB68C7
S3150801DEB09B69B968F8689847034602E000BF6FF0A6
S3150801DEC0010318461837BD4680BD00BF101C02085D
S3150801DED0481C02087C1C020880B582B000AF786035
S3150801DEE039603B68002204211846F2F77DFD024697
S3150801DEF07B681A607B681B68002B02D14FF0FF33E1
S3150801DF0000E0002318460837BD4680BD80B584B0B9
S3150801DF1000AF786039607B681868394600230022AB
S3150801DF20F2F7D6FD0346002B02D10023FB7301E06D
S3150801DF30FF23FB7397F90F3018461037BD4680BD8E
S3150801DF4080B586B000AFF860B9607A60F2F75CFA1E
S3150801DF5078617B68002B13D0FB6818687B68002200
S3150801DF60B968F2F715FE38613B69002B05D1F2F75E
S3150801DF704BFA02467B69D31A0FE04FF0FF330CE0E8
S3150801DF80FB6818684FF0FF330022B968F2F700FE04
S3150801DF90F2F73AFA02467B69D31A18461837BD468C
S3150801DFA080BD80B483B000AF78607B681B68002BA6
S3150801DFB001D1002300E0012318460C37BD465DF860
S3150801DFC0047B704780B500AF0020F2F7DFFA0346FD
S3150801DFD0014A136000BF80BD70C1002080B582B0C0
S3150801DFE000AF78600020F2F7D1FA02467B681A6022
S3150801DFF07B681B68002B02D14FF0FF3300E000233A
S3150801E00018460837BD4680BD80B582B000AF786036
S3150801E0107B681B684FF0FF311846F2F73DFB00BFDE
S3150801E0200837BD4680BD80B582B000AF78607B6891
S3150801E0301B681846F2F77BFB00BF0837BD4680BD53
S3150801E04080B58EB000AFF860B9607A603B6007F1C1
S3150801E050140324220021184600F095F9FB687B6118
S3150801E0603B68BB623B6CFB6207F114031A4679688D
S3150801E070B868F2F7DEF9034618463837BD4680BD5B
S3150801E08080B500AF044B1B684FF0FF311846F2F715
S3150801E09003FB0123184680BD70C1002080B582B0FC
S3150801E0A000AF7860044B1B681846F2F740FB00BFC7
S3150801E0B00837BD4680BD00BF70C10020164B10B59C
S3150801E0C01C68236BB3B9182000F0A0FA0246206336
S3150801E0D020B9124B1248522100F030FA1149124B5D
S3150801E0E0C0E90013114B83600B23838100210120B2
S3150801E0F0C2E90401216B0E480B694C690D4A584364
S3150801E10002FB0400A3FB0232013340EB0200C1E922
S3150801E110043020F0004010BD3C0000200E1E02080D
S3150801E120251E02080E33CDAB34126DE6ECDE050072
S3150801E1302DF451582D7F954C002310B50446C0E99E
S3150801E1400033C0E90433836081814366C2818361F8
S3150801E150194608225C3000F016F90D4B63620D4B27
S3150801E160A3620D4BE3620D4B23630D4B24629C4264
S3150801E17006D003F16802944202D0D0339C4205D1FD
S3150801E18004F15800BDE8104000F0C6B910BD00BF43
S3150801E190E1E2010803E301083BE301085FE3010843
S3150801E1A074C10020024A0349034800F069B800BF58
S3150801E1B03000002021EE01084000002041680C4B88
S3150801E1C0994210B5044601D000F02AFEA168094B10
S3150801E1D0994202D0204600F023FEE168064B994297
S3150801E1E004D02046BDE8104000F01ABE10BD00BF9D
S3150801E1F074C10020DCC1002044C2002010B50B4BBD
S3150801E2000B4C0C4A1A60204600220421FFF794FFA2
S3150801E21004F1680001220921FFF78EFF04F1D000FD
S3150801E2200222BDE810401221FFF786BFACC20020CA
S3150801E23074C10020A5E10108014800F06EB900BFCC
S3150801E240B5C20020014800F069B900BFB5C2002077
S3150801E25010B50446FFF7F0FF236A1BB1BDE810406D
S3150801E260FFF7F0BF044B2362044B1B68002BF5D163
S3150801E270FFF7C4FFF2E700BFBDE10108ACC2002009
S3150801E2802DE9F8430746884614460026D4E9019540
S3150801E290B9F1010905D52468002CF7D13046BDE846
S3150801E2A0F883AB89012B07D9B5F90E30013303D0B1
S3150801E2B029463846C04706436835E9E70FB407B526
S3150801E2C0064904AB086853F8042B8168019300F0EA
S3150801E2D07DFA03B05DF804EB04B070473C000020FA
S3150801E2E010B50C46B1F90E1000F0CEF80028ABBFF8
S3150801E2F0636DA3891B1823F48053ACBF6365A3819F
S3150801E30010BD2DE9F0411F468B89DB0505460C46F4
S3150801E310164605D5B1F90E100223002200F0A2F81F
S3150801E320A389B4F90E1023F48053A38132463B46E0
S3150801E3302846BDE8F04100F0B9B810B50C46B1F968
S3150801E3400E1000F08FF8431CA38915BF606523F4EE
S3150801E350805343F48053A38118BFA38110BDB1F93B
S3150801E3600E1000F019B810B501390244904201D1D6
S3150801E370002005E0037811F8014FA34201D0181BCC
S3150801E38010BD0130F2E702440346934200D17047BB
S3150801E39003F8011BF9E7000038B5064D00230446CA
S3150801E3A008462B60EEF740FB431C02D12B6803B1EC
S3150801E3B0236038BDB0C20020294B1B68834270B563
S3150801E3C004464BD0C369ABB1DB686BB10025E36981
S3150801E3D0DB68595900293BD10435802DF7D1E3690A
S3150801E3E02046D96800F0C8F8E369196811B12046D2
S3150801E3F000F0C2F8616911B1204600F0BDF8E16983
S3150801E40011B1204600F0B8F8216B11B1204600F091
S3150801E410B3F8616B11B1204600F0AEF8A16B11B1EA
S3150801E420204600F0A9F8A16C11B1204600F0A4F825
S3150801E430616C11B1204600F09FF8E16A11B12046DE
S3150801E44000F09AF8236A4BB12046BDE87040184798
S3150801E4500E68204600F090F83146BBE770BD00BF54
S3150801E4603C00002038B5074D0446084611460022EF
S3150801E4702A601A46EEF7FFFA431C02D12B6803B14C
S3150801E480236038BDB0C2002038B5074D044608469A
S3150801E490114600222A601A46EEF78DFA431C02D16C
S3150801E4A02B6803B1236038BDB0C2002038B5074DCB
S3150801E4B004460846114600222A601A46EEF798FADB
S3150801E4C0431C02D12B6803B1236038BDB0C20020BA
S3150801E4D070B50D4D0D4C641BA4100026A64209D13A
S3150801E4E00B4D0C4C00F04AFE641BA4100026A642F4
S3150801E4F005D170BD55F8043B98470136EEE755F846
S3150801E500043B98470136F2E7F41E0208F41E020896
S3150801E510F41E0208F81E02087047704770470A443D
S3150801E520914200F1FF3300D1704710B511F8014B44
S3150801E53003F8014F9142F9D110BD00001FB51446E9
S3150801E5401A46094B1B680546D86854B9074B1C4639
S3150801E550CDE9013400912B46054900F089FC00F00C
S3150801E5603DFD044BF4E700BF3C000020B81E02083D
S3150801E5708A1E02087D1E020838B50546002941D0C3
S3150801E58051F8043C0C1F002BB8BFE41800F0E8F85A
S3150801E5901D4A136833B9636014602846BDE83840DC
S3150801E5A000F0E4B8A34208D9206821188B4201BFBC
S3150801E5B019685B6809182160EDE71A465B680BB1B3
S3150801E5C0A342FAD911685018A0420BD12068014418
S3150801E5D0501883421160E0D118685B68536008449B
S3150801E5E01060DAE702D90C232B60D6E720682118D8
S3150801E5F08B4204BF19685B68636004BF0918216010
S3150801E6005460CAE738BD00BFBCC20020024B0146B0
S3150801E610186800F025B800BF3C00002070B50F4E01
S3150801E6200C463168054611B900F0C8FC3060214630
S3150801E630284600F0C3FC431C03D14FF0FF342046A3
S3150801E64070BDC41C24F00304A042F8D0211A284640
S3150801E65000F0B4FC0130F2D1EFE700BFB8C20020E8
S3150801E6602DE9F843CD1C25F0030508350C2D38BFD7
S3150801E6700C25002D064601DBA94204D90C2333607B
S3150801E6800020BDE8F883DFF8D48000F069F8D8F8EF
S3150801E69000301C4644BB29463046FFF7BFFF431CE2
S3150801E6A0044658D1D8F800402746002F43D1002CFC
S3150801E6B04BD023683946304604EB030900F07EFC4B
S3150801E6C0814542D121686D1A29463046FFF7A6FFD2
S3150801E6D001303AD023682B442360D8F800305A68B1
S3150801E6E062BBC8F800700FE02268521B20D40B2ABF
S3150801E6F017D96119A342256018BF5960636808BF15
S3150801E700C8F8001062514B60304600F02FF804F14A
S3150801E7100B00231D20F00700C21A1CBF1B1AA350A9
S3150801E720AFE76268A3420CBFC8F800205A60EBE75E
S3150801E73023466468AEE73C467F68B6E71A465B68D7
S3150801E740A342FBD100235360DEE70C233360304636
S3150801E75000F00CF894E70560D6E700BFBCC20020BC
S3150801E7600148FFF7DABE00BFB4C200200148FFF72F
S3150801E770D5BE00BFB4C200209368013B002B10B47C
S3150801E780936008DA9469A34201DB0A2903D15DF88B
S3150801E790044B00F07FBB1368581C106019700846BB
S3150801E7A05DF8044B7047F8B506460F461446D5186A
S3150801E7B0AC4201D1002007E014F8011B3A46304665
S3150801E7C0FFF7DAFF431CF3D1F8BD00002DE9F04F3E
S3150801E7D00D469DB014469846064618B1036A0BB90C
S3150801E7E0FFF736FD6B6ED90705D4AB899A0502D4B6
S3150801E7F0A86DFFF792FEAB891B0701D52B699BB95B
S3150801E8002946304600F084FB70B16B6EDC0704D5EF
S3150801E8104FF0FF301DB0BDE8F08FAB899805F7D4EE
S3150801E820A86DFFF77BFEF3E70023099320238DF8F4
S3150801E8302930CDF80C803023DFF8AC818DF82A30E9
S3150801E8404FF0010923469A4613F8012B0AB1252AE6
S3150801E850F9D1BAEB040B0BD05B4622462946304662
S3150801E860FFF7A1FF013000F0A780099A5A440992DF
S3150801E8709AF80030002B00F09F8000234FF0FF32FA
S3150801E880CDE905230AF1010A049307938DF853305C
S3150801E8901A935446052214F8011B5348EDF798FCC0
S3150801E8A0049AD8B9D10644BF20238DF853301307EB
S3150801E8B044BF2B238DF853309AF800302A2B15D0F4
S3150801E8C0079A544600204FF00A0C214611F8013BDD
S3150801E8D0303B092B4BD9B0B1079214E0A0EB0803E2
S3150801E8E009FA03F313430493A246D2E7039B191DBE
S3150801E8F01B680391002BBBBF5B4242F002020793E0
S3150801E9000793B8BF049223782E2B0AD163782A2B52
S3150801E91032D1039B1A1D1B68039243EAE37302343F
S3150801E9200593DFF8D4A0217803225046EDF750FC71
S3150801E93038B1049BA0EB0A004022824013430134FC
S3150801E940049314F8011B29488DF828100622EDF7BF
S3150801E9503FFC00283FD0264B1BBB039B073323F004
S3150801E960070308330393099B3B4409936AE70CFBA6
S3150801E97002320C460120A8E7002301340593194603
S3150801E9804FF00A0C204610F8012B303A092A03D910
S3150801E990002BC6D00591C4E70CFB012104460123CF
S3150801E9A0F0E703AB00932A46124B04A93046AFF3AE
S3150801E9B000800746781CD6D16B6ED90705D4AB897A
S3150801E9C09A0502D4A86DFFF7A9FDAB895B063FF549
S3150801E9D01FAF09981EE703AB00932A46054B04A906
S3150801E9E0304600F079F8E4E7B91E0208C31E0208AA
S3150801E9F000000000A7E70108BF1E02082DE9F0473D
S3150801EA00164698468A680B69DDF820909342B8BF86
S3150801EA101346336091F8432007460C460AB1013381
S3150801EA2033602368990642BF336802333360256829
S3150801EA3015F0060506D104F1190AE36832689B1A2E
S3150801EA40AB4226DC94F843302268003B18BF012309
S3150801EA5092062BD404F1430241463846C847013091
S3150801EA601ED02368226903F00603042B02BFE5685A
S3150801EA703368ED1AA3680CBF25EAE57500259342AC
S3150801EA80C4BF9B1AED1800261A34B5421AD10020C4
S3150801EA9008E00123524641463846C847013003D1AA
S3150801EAA04FF0FF30BDE8F0870135C6E7E1185A1C7B
S3150801EAB0302081F84300224494F8451082F8431027
S3150801EAC00233C7E70123224641463846C847013083
S3150801EAD0E6D00136D9E700002DE9FF470F7E0C9EE7
S3150801EAE0782F914680460C469A4601F1430207D88B
S3150801EAF0622F0AD8002F00F0D280582F00F0B98073
S3150801EB0004F1420684F842703AE0A7F16303152B33
S3150801EB10F6D801A151F823F071EB010885EB01083C
S3150801EB2001EB010801EB010801EB010801EB010802
S3150801EB3085EB010801EB010801EB010801EB01086E
S3150801EB4001EB010885EC0108AFEB01083FEC010870
S3150801EB5001EB010801EB0108A7EC010801EB01082B
S3150801EB60AFEB010801EB010801EB010847EC0108CD
S3150801EB7033681A1D1B68326004F1420684F8423074
S3150801EB8001239DE033682068191D3160060601D509
S3150801EB901D6803E04506FBD5B3F90050002D03DADD
S3150801EBA02D236D4284F8433059480A2311E0216820
S3150801EBB03368080653F8045B02D4490648BFADB268
S3150801EBC06F2F5348336014BF0A230823002184F8A2
S3150801EBD043106668A660002EA2BF216821F00401D1
S3150801EBE021600DB9002E4BD01646B5FBF3F103FB98
S3150801EBF01157C75D06F8017D2F46BB420D46F4D96C
S3150801EC00082B0BD12368DF0708D523696168994268
S3150801EC10DEBF302306F8013C06F1FF36921B22615E
S3150801EC20CDF800A04B4603AA21464046FFF7E6FE6B
S3150801EC3001304AD14FF0FF3004B0BDE8F0872368B0
S3150801EC4043F0200323603348782784F84570236806
S3150801EC5031681F0651F8045B02D45F0648BFADB29E
S3150801EC603160D90744BF43F0200323601DB1102347
S3150801EC70ACE72748E9E7236823F020032360F6E792
S3150801EC801646BDE7336825686169181D30602E068A
S3150801EC901B6801D5196002E06806FBD519800023B7
S3150801ECA023611646BCE733681A1D32601E6862681E
S3150801ECB000213046EDF78CFA08B1801B6060636865
S3150801ECC02361002384F84330AAE72369324649467B
S3150801ECD04046D0470130ADD023689B0713D4E0687E
S3150801ECE0039B9842B8BF1846A6E701233246494610
S3150801ECF04046D04701309DD00135E36803995B1A38
S3150801ED00AB42F2DCEBE7002504F11906F5E700BF93
S3150801ED10CA1E0208DB1E0208B1F90C202DE9F041D2
S3150801ED20160705460C4654D44B68002B02DC0B6CBF
S3150801ED30002B48DDE66A002E45D0002312F48052E6
S3150801ED402F68216A2B6030D0626DA389590705D5D2
S3150801ED506368D21A636B0BB1236CD21A0023E66A75
S3150801ED60216A2846B047431CA38906D129681D296B
S3150801ED702BD82A4A0A41D60727D400226260D90429
S3150801ED802269226004D5421C01D12B6803B960654A
S3150801ED90616B2F60B9B104F14403994202D0284648
S3150801EDA0FFF7EAFB002363630DE001232846B0471A
S3150801EDB00246501CC9D12B68002BC6D01D2B01D089
S3150801EDC0162B1ED12F60002022E043F040031BB210
S3150801EDD01BE00F69002FF6D093070E6808BF4B6931
S3150801EDE00F6018BF0023A6EB07088B60B8F1000F68
S3150801EDF0E9DD216AA66A43463A462846B04700280D
S3150801EE0008DCB4F90C3043F04003A3814FF0FF301E
S3150801EE10BDE8F0810744A8EB0008E7E7FEFFBFDF7E
S3150801EE2038B50B6905460C4613B90025284638BD81
S3150801EE3018B1036A0BB9FFF70BFAB4F90C30002BBA
S3150801EE40F3D0626ED00704D4990502D4A06DFFF7FA
S3150801EE5064FB28462146FFF75FFF636EDA0705461E
S3150801EE60E4D4A3899B05E1D4A06DFFF757FBDDE741
S3150801EE700EB403B5014603AB054853F8042B0068E5
S3150801EE800193FFF7A3FC02B05DF804EB03B07047EA
S3150801EE903C000020F8B50E461446054618B1036A2B
S3150801EEA00BB9FFF7D5F9A369A360A3891A0701D599
S3150801EEB0236943B92146284600F02AF818B14FF0CC
S3150801EEC0FF373846F8BD23682269981A6369F6B28E
S3150801EED08342374605DC21462846FFF7A1FF00286D
S3150801EEE0EDD1A368013BA36023685A1C22601E70FA
S3150801EEF06269431C9A4204D0A389DB07E1D50A2E2D
S3150801EF00DFD121462846FFF78BFF0028D9D0D6E75F
S3150801EF1038B5294B054618680C4618B1036A0BB96A
S3150801EF20FFF796F9B4F90C30190722D4DA0607D493
S3150801EF3009222A6043F04003A3814FF0FF3033E0F2
S3150801EF40580712D5616B41B104F14403994202D0C5
S3150801EF502846FFF711FB00236363A38923F02403E3
S3150801EF60A3810023636023692360A38943F008030F
S3150801EF70A38123694BB9A38903F42073B3F5007FF1
S3150801EF8003D02146284600F056F8B4F90C3013F0A0
S3150801EF9001020AD00022A26062695242A261226974
S3150801EFA042B913F08000C5D138BD990758BF6269C7
S3150801EFB0A260F4E70020F7E73C00002038B5064DCB
S3150801EFC00023044608462B60EDF762FD431C02D177
S3150801EFD02B6803B1236038BDB0C2002008B50620EE
S3150801EFE000F08EF80120EDF7DBFC70B50C46B1F99F
S3150801EFF00E10002996B015461E460DDAA38913F0A0
S3150801F000800F4FF0000114BF40234FF480630020A6
S3150801F01031602B6016B070BD6A4600F079F8002899
S3150801F020ECDB019901F47041A1F5005359425941AC
S3150801F0304FF48063EBE78B89F7B59D0706460C46C7
S3150801F04007D504F14703236023610123636103B0F4
S3150801F050F0BD01AB6A46FFF7C8FF009F0546394672
S3150801F0603046FFF7FDFA48B9B4F90C309A05EED4E3
S3150801F07023F0030343F00203A381E2E7A389206097
S3150801F08043F08003A381019BC4E904075BB1B4F98A
S3150801F0900E10304600F04EF828B1A38923F0030379
S3150801F0A043F00103A381A3891D43A581CFE71F2946
S3150801F0B038B505460C4604D9162303604FF0FF30D0
S3150801F0C038BDC26B12B152F821304BB9284600F04F
S3150801F0D053F8224601462846BDE8384000F03AB8BA
S3150801F0E0012B0AD0591C03D1162303600120E7E737
S3150801F0F0002142F82410204698470020E0E7000046
S3150801F100024B01461868FFF7D2BF00BF3C0000203A
S3150801F11038B5074D00230446084611462B60EDF71E
S3150801F1208FFC431C02D12B6803B1236038BD00BF95
S3150801F130B0C2002038B5064D0023044608462B60A8
S3150801F140EDF78EFC431C02D12B6803B1236038BD51
S3150801F150B0C2002038B5074D0023044608461146BB
S3150801F1602B60EDF70BFC431C02D12B6803B123601E
S3150801F17038BD00BFB0C20020EDF7F8BBF8B500BF37
S3150801F180F8BC08BC9E467047F8B500BFF8BC08BC79
S3090801F1909E467047D1
S3150801F19464656661756C745461736B004574684C77
S3150801F1A4696E6B0045746849660000002E2E2F4C63
S3150801F1B45749502F5461726765742F65746865726F
S3150801F1C46E657469662E63006E6574696620213DF1
S3150801F1D4204E554C4C000000417373657274696F77
S3150801F1E46E2022257322206661696C656420617428
S3150801F1F4206C696E6520256420696E2025730A00D2
S3150801F20449444C4500000000546D7220537663004E
S3150801F214546D7251000000002E2E2F4D6964646CE2
S3150801F2246577617265732F54686972645F50617298
S3150801F23474792F4C7749502F7372632F6170692F34
S3150801F24474637069702E630074637069705F74689F
S3150801F254726561643A20696E76616C6964206D65CC
S3150801F2647373616765000000417373657274696F2E
S3150801F2746E2022257322206661696C656420617497
S3150801F284206C696E6520256420696E2025730A0041
S3150801F294496E76616C6964206D626F7800000000BE
S3150801F2A46661696C656420746F206372656174654F
S3150801F2B42074637069705F746872656164206D6235
S3150801F2C46F7800006661696C656420746F206372E7
S3150801F2D465617465206C6F636B5F74637069705FD5
S3150801F2E4636F72650000000074637069705F746807
S3150801F2F472656164000000002E2E2F4D6964646CEA
S3150801F3046577617265732F54686972645F506172B7
S3150801F31474792F4C7749502F7372632F636F726513
S3150801F3242F6D656D2E630000706C75675F686F6C71
S3150801F33465733A206D656D203E3D2072616D00004E
S3150801F344417373657274696F6E2022257322206670
S3150801F35461696C6564206174206C696E6520256435
S3150801F36420696E2025730A00706C75675F686F6C77
S3150801F37465733A206D656D203C2072616D5F656E1B
S3150801F38464000000706C75675F686F6C65733A207A
S3150801F3946D656D2D3E75736564203D3D2030000015
S3150801F3A4706C75675F686F6C65733A206D656D2D52
S3150801F3B43E6E657874203C3D204D454D5F53495A50
S3150801F3C4455F414C49474E45440000006661696CF6
S3150801F3D4656420746F20637265617465206D656D5B
S3150801F3E45F6D7574657800006D656D5F6672656538
S3150801F3F43A2073616E69747920636865636B206169
S3150801F4046C69676E6D656E74000000006D656D5FED
S3150801F414667265653A20696C6C6567616C206D6511
S3150801F4246D6F7279000000006D656D5F66726565C2
S3150801F4343A20696C6C6567616C206D656D6F7279CC
S3150801F4443A20646F75626C65206672656500000012
S3150801F4546D656D5F667265653A20696C6C65676191
S3150801F4646C206D656D6F72793A206E6F6E2D6C69BD
S3150801F4746E6B65643A20646F75626C6520667265A5
S3150801F484650000006D656D5F7472696D3A206C657F
S3150801F49467616C206D656D6F727900006D656D5FCE
S3150801F4A47472696D2063616E206F6E6C792073685E
S3150801F4B472696E6B206D656D6F727900696E76611E
S3150801F4C46C6964206E65787420707472000000009B
S3150801F4D46D656D5F6D616C6C6F633A20216C667244
S3150801F4E465652D3E75736564000000006D656D5F85
S3150801F4F46D616C6C6F633A20616C6C6F63617465E2
S3150801F50464206D656D6F7279206E6F742061626F08
S3150801F51476652072616D5F656E642E006D656D5F3B
S3150801F5246D616C6C6F633A20616C6C6F63617465B1
S3150801F53464206D656D6F72792070726F7065726C77
S3150801F5447920616C69676E65642E00006D656D5F6F
S3150801F5546D616C6C6F633A2073616E6974792063AB
S3150801F5646865636B20616C69676E6D656E7400000E
S3150801F5742E2E2F4D6964646C6577617265732F54F9
S3150801F584686972645F50617274792F4C7749502F98
S3150801F5947372632F636F72652F6D656D702E6300C9
S3150801F5A46D656D705F6D616C6C6F633A206D656D29
S3150801F5B4702070726F7065726C7920616C69676E00
S3150801F5C465640000417373657274696F6E20222540
S3150801F5D47322206661696C6564206174206C696EA6
S3150801F5E46520256420696E2025730A00696E766193
S3150801F5F46C696420706F6F6C206465736300000026
S3150801F6046D656D705F6D616C6C6F633A20747970AA
S3150801F61465203C204D454D505F4D41580000000082
S3150801F6246D656D705F667265653A206D656D2070EE
S3150801F634726F7065726C7920616C69676E656400B6
S3150801F6446D656D705F667265653A207479706520BB
S3150801F6543C204D454D505F4D415800002E2E2F4DEF
S3150801F6646964646C6577617265732F546869726439
S3150801F6745F50617274792F4C7749502F7372632FD7
S3150801F684636F72652F6E657469662E6300000000E8
S3150801F6946E657469665F696E7075743A20696E760B
S3150801F6A4616C696420706275660000004173736554
S3150801F6B47274696F6E2022257322206661696C65EE
S3150801F6C464206174206C696E6520256420696E2046
S3150801F6D425730A006E657469665F696E7075743A96
S3150801F6E420696E76616C6964206E657469660000CA
S3150801F6F46E657469665F6164643A20696E76616CE5
S3150801F7046964206E65746966000000006E65746933
S3150801F714665F6164643A204E6F20696E6974206677
S3150801F724756E6374696F6E20676976656E0000008D
S3150801F7346E6574696620616C7265616479206164B9
S3150801F74464656400746F6F206D616E79206E6574EB
S3150801F7546966732C206D61782E20737570706F72CB
S3150801F764746564206E756D6265722069732032351D
S3150801F77435000000696E76616C696420706F696E84
S3150801F784746572006E657469665F7365745F697022
S3150801F794616464723A20696E76616C6964206E6587
S3150801F7A4746966006E657469665F7365745F6E6510
S3150801F7B4746D61736B3A20696E76616C6964206E47
S3150801F7C465746966000000006E657469665F736531
S3150801F7D4745F67773A20696E76616C6964206E6531
S3150801F7E4746966006E657469665F7365745F7570BE
S3150801F7F43A20696E76616C6964206E65746966007F
S3150801F8046E657469665F69737375655F7265706F32
S3150801F8147274733A20696E76616C6964206E6574D4
S3150801F824696600006E657469665F7365745F646F03
S3150801F834776E3A20696E76616C6964206E657469BF
S3150801F844660000006E657469665F7365745F6C694A
S3150801F8546E6B5F75703A20696E76616C6964206EA9
S3150801F86465746966000000006E657469665F736590
S3150801F874745F6C696E6B5F646F776E3A20696E7636
S3150801F884616C6964206E6574696600002E2E2F4DBD
S3150801F8946964646C6577617265732F546869726407
S3150801F8A45F50617274792F4C7749502F7372632FA5
S3150801F8B4636F72652F706275662E63007062756672
S3150801F8C45F616C6C6F633A207062756620712D3EB8
S3150801F8D47061796C6F61642070726F7065726C798E
S3150801F8E420616C69676E6564000000004173736585
S3150801F8F47274696F6E2022257322206661696C65AC
S3150801F90464206174206C696E6520256420696E2003
S3150801F91425730A00504255465F504F4F4C5F425576
S3150801F9244653495A45206D75737420626520626988
S3150801F93467676572207468616E204D454D5F414C59
S3150801F94449474E4D454E5400706275665F616C6C4D
S3150801F9546F633A20706275662D3E7061796C6F61CA
S3150801F964642070726F7065726C7920616C69676E58
S3150801F97465640000706275665F616C6C6F633A203A
S3150801F9846572726F6E656F757320747970650000A0
S3150801F994696E76616C696420706275665F747970E4
S3150801F9A465000000706275665F7265616C6C6F63F1
S3150801F9B43A207020213D204E554C4C0070627566E4
S3150801F9C45F7265616C6C6F633A207120213D204E2C
S3150801F9D4554C4C006D656D5F7472696D2072657462
S3150801F9E475726E65642071203D3D204E554C4C0060
S3150801F9F47020213D204E554C4C000000696E6372FF
S3150801FA04656D656E745F6D61676E6974756465208D
S3150801FA143C3D20702D3E6C656E0000007062756673
S3150801FA245F667265653A20702D3E726566203E20D2
S3150801FA343000000070632D3E637573746F6D5F66E5
S3150801FA447265655F66756E6374696F6E20213D2004
S3150801FA544E554C4C00000000696E76616C69642051
S3150801FA647062756620747970650000007062756647
S3150801FA7420726566206F766572666C6F7700000082
S3150801FA84286820213D204E554C4C2920262620281D
S3150801FA947420213D204E554C4C29202870726F67DD
S3150801FAA472616D6D65722076696F6C617465732018
S3150801FAB44150492900000000702D3E746F745F6C33
S3150801FAC4656E203D3D20702D3E6C656E20286F665F
S3150801FAD4206C617374207062756620696E20636890
S3150801FAE461696E2900000000702D3E6E65787420E8
S3150801FAF43D3D204E554C4C00702D3E746F745F6C21
S3150801FB04656E203D3D20702D3E6C656E202B20715F
S3150801FB142D3E746F745F6C656E000000702D3E7423
S3150801FB246F745F6C656E203D3D20702D3E6C656E6D
S3150801FB3400000000706275665F636F70793A20741D
S3150801FB446172676574206E6F742062696720656ED9
S3150801FB546F75676820746F20686F6C6420736F759E
S3150801FB64726365006F66667365745F746F203C3DE6
S3150801FB7420705F746F2D3E6C656E00006F66667348
S3150801FB8465745F66726F6D203C3D20705F66726FA7
S3150801FB946D2D3E6C656E0000705F746F20213D20EB
S3150801FBA44E554C4C00000000706275665F636F70B9
S3150801FBB479282920646F6573206E6F7420616C6CD3
S3150801FBC46F77207061636B657420717565756573EC
S3150801FBD421000000706275665F636F70795F7061FA
S3150801FBE4727469616C3A20696E76616C6964206223
S3150801FBF475660000706275665F636F70795F706120
S3150801FC04727469616C3A20696E76616C6964206400
S3150801FC146174617074720000706275665F676574F9
S3150801FC245F636F6E746967756F75733A20696E766B
S3150801FC34616C69642062756600000000706275660D
S3150801FC445F6765745F636F6E746967756F75733A19
S3150801FC5420696E76616C696420646174617074727A
S3150801FC6400000000706275665F74616B653A20690D
S3150801FC746E76616C696420627566000070627566E9
S3150801FC845F74616B653A20696E76616C6964206498
S3150801FC946174617074720000706275665F74616B79
S3150801FCA4653A20627566206E6F74206C61726765A9
S3150801FCB420656E6F75676800706275665F74616B3F
S3150801FCC4653A20696E76616C6964207062756600AE
S3150801FCD4646964206E6F7420636F707920616C6C3B
S3150801FCE42064617461000000636865636B20706257
S3150801FCF475665F736B697020726573756C74000041
S3150801FD04706275665F636F7079206661696C656494
S3150801FD1400000000434C4F53454400004C495354DA
S3150801FD24454E000053594E5F53454E54000000009A
S3150801FD3453594E5F524356440000000045535441FB
S3150801FD44424C49534845440046494E5F5741495434
S3150801FD545F31000046494E5F574149545F320000FE
S3150801FD64434C4F53455F574149540000434C4F5345
S3150801FD74494E47004C4153545F41434B0000000030
S3150801FD8454494D455F574149540000002E2E2F4DC5
S3150801FD946964646C6577617265732F546869726402
S3150801FDA45F50617274792F4C7749502F7372632FA0
S3150801FDB4636F72652F7463702E6300007463705FDA
S3150801FDC4667265653A204C495354454E0000000055
S3150801FDD4417373657274696F6E20222573222066D6
S3150801FDE461696C6564206174206C696E652025649B
S3150801FDF420696E2025730A007463705F66726565EF
S3150801FE045F6C697374656E3A20214C495354454EA7
S3150801FE14000000007463705F72656D6F76655F6CD0
S3150801FE24697374656E65723A20696E76616C696484
S3150801FE34206C697374656E657200000070636220D4
S3150801FE44213D204E554C4C007063622D3E737461FE
S3150801FE547465203D3D204C495354454E000000002D
S3150801FE647463705F636C6F73655F73687574646FCD
S3150801FE74776E3A20696E76616C69642070636200F4
S3150801FE847063622D3E666C61677320262054465F53
S3150801FE945258434C4F534544000000007463705F45
S3150801FEA4636C6F73653A20696E76616C6964207058
S3150801FEB4636200007463705F73687574646F776E48
S3150801FEC43A20696E76616C69642070636200000089
S3150801FED47463705F6162616E646F6E3A20696E76EF
S3150801FEE4616C69642070636200000000646F6E27A8
S3150801FEF4742063616C6C207463705F61626F7274E1
S3150801FF042F7463705F6162616E646F6E20666F72CF
S3150801FF14206C697374656E2D70636273000000004A
S3150801FF247463705F62696E643A20696E76616C699E
S3150801FF3464207063620000007463705F62696E64B2
S3150801FF443A2063616E206F6E6C792062696E642053
S3150801FF54696E20737461746520434C4F534544009C
S3150801FF647463705F6163636570745F6E756C6C3A14
S3150801FF7420696E76616C6964207063620000000012
S3150801FF847463705F6C697374656E5F776974685FAF
S3150801FF946261636B6C6F675F616E645F6572723A07
S3150801FFA420696E76616C69642070636200000000E2
S3150801FFB47463705F6C697374656E5F776974685F7F
S3150801FFC46261636B6C6F675F616E645F6572723AD7
S3150801FFD42070636220616C726561647920636F6E57
S3150801FFE46E656374656400007463705F757064613B
S3150801FFF474655F7263765F616E6E5F776E643A20CD
S31508020004696E76616C696420706362006E65775FF7
S315080200147263765F616E6E5F776E64203C3D203054
S3150802002478666666660000007463705F7265637656
S3150802003465643A20696E76616C696420706362004D
S31508020044646F6E27742063616C6C207463705F72CC
S31508020054656376656420666F72206C697374656E6F
S315080200642D706362730000007463705F636F6E6E53
S315080200746563743A20696E76616C6964207063629A
S31508020084000000007463705F636F6E6E6563743A92
S3150802009420696E76616C69642069706164647200B1
S315080200A47463705F636F6E6E6563743A2063616E20
S315080200B4206F6E6C7920636F6E6E65637420667248
S315080200C46F6D20737461746520434C4F5345440025
S315080200D47463705F736C6F77746D723A20616374BC
S315080200E4697665207063622D3E7374617465202196
S315080200F43D20434C4F5345440A0000007463705F25
S31508020104736C6F77746D723A2061637469766520CD
S315080201147063622D3E737461746520213D204C49D7
S315080201245354454E0A0000007463705F736C6F770C
S31508020134746D723A20616374697665207063622D00
S315080201443E737461746520213D2054494D452D57EB
S315080201544149540A000000007463705F736C6F7738
S3150802016474696D723A20706572736973742074695E
S31508020174636B696E67207769746820696E2D666C8D
S315080201846967687420646174610000007463705F4F
S31508020194736C6F7774696D723A20706572736973DA
S315080201A474207469636B696E67207769746820655D
S315080201B46D7074792073656E6420627566666572FD
S315080201C4000000007463705F736C6F77746D723A23
S315080201D4206D6964646C652074637020213D207403
S315080201E463705F6163746976655F70636273000046
S315080201F47463705F736C6F77746D723A2066697292
S31508020204737420706362203D3D207463705F61637A
S31508020214746976655F706362730000007463705F65
S31508020224736C6F77746D723A2054494D452D574154
S315080202344954207063622D3E7374617465203D3D92
S315080202442054494D452D5741495400007463705F43
S31508020254736C6F77746D723A206D6964646C652089
S3150802026474637020213D207463705F74775F7063D2
S31508020274627300007463705F736C6F77746D723A9D
S3150802028420666972737420706362203D3D2074632C
S31508020294705F74775F706362730000007463705FE3
S315080202A470726F636573735F726566757365645F8F
S315080202B4646174613A20696E76616C69642070635C
S315080202C4620000007463705F7365747072696F3AD2
S315080202D420696E76616C69642070636200000000AE
S315080202E47463705F7365675F636F70793A20696ECA
S315080202F476616C6964207365670000007463705FD5
S31508020304726563765F6E756C6C3A20696E76616C9B
S315080203146964207063620000696E76616C696420A0
S315080203247374617465000000696E76616C69642091
S31508020334736F636B657420737461746520666F7278
S3150802034420726563762063616C6C6261636B00007C
S31508020354696E76616C696420736F636B6574207366
S315080203647461746520666F722073656E74206361A6
S315080203746C6C6261636B0000696E76616C696420F9
S31508020384736F636B657420737461746520666F7228
S31508020394206572722063616C6C6261636B00000093
S315080203A47463705F706F6C6C3A20696E76616C69FF
S315080203B46420706362000000696E76616C69642069
S315080203C4736F636B657420737461746520666F72E8
S315080203D420706F6C6C0000007463705F7063625FF8
S315080203E470757267653A20696E76616C6964207005
S315080203F4636200007463705F7063625F72656D6F37
S3150802040476653A20696E76616C6964207063620067
S315080204147463705F7063625F72656D6F76653A20A6
S31508020424696E76616C6964207063626C69737400C0
S31508020434756E73656E74207365676D656E74732065
S315080204446C65616B696E6700756E61636B656420C2
S315080204547365676D656E7473206C65616B696E6727
S31508020464000000006F6F736571207365676D656EB2
S315080204747473206C65616B696E6700007463705FE0
S315080204846E6578745F6973733A20696E76616C690E
S3150802049464207063620000007463705F6566665F59
S315080204A473656E645F6D73735F6E657469663A200D
S315080204B4696E76616C6964206473745F697000009E
S315080204C47463705F6E657469665F69705F6164649C
S315080204D4725F6368616E6765645F7063626C697391
S315080204E4743A20696E76616C6964206F6C645F6124
S315080204F4646472002E2E2F4D6964646C657761728A
S3150802050465732F54686972645F50617274792F4CEB
S315080205147749502F7372632F636F72652F746370F2
S315080205245F696E2E630000007463705F696E70758E
S31508020534743A20696E76616C696420706275660025
S31508020544417373657274696F6E202225732220665D
S3150802055461696C6564206174206C696E6520256422
S3150802056420696E2025730A00702D3E6E6578742004
S31508020574213D204E554C4C00702D3E6C656E203D37
S315080205843D203000702D3E746F745F6C656E203D9D
S315080205943D20702D3E6E6578742D3E746F745F6CC3
S315080205A4656E00007463705F696E7075743A2061D3
S315080205B46374697665207063622D3E73746174652B
S315080205C420213D20434C4F53454400007463705F19
S315080205D4696E7075743A206163746976652070630E
S315080205E4622D3E737461746520213D2054494D453C
S315080205F42D574149540000007463705F696E707523
S31508020604743A20616374697665207063622D3E7359
S315080206147461746520213D204C495354454E0000AB
S315080206247463705F696E7075743A207063622D3EE6
S315080206346E65787420213D2070636220286265669F
S315080206446F72652063616368652900007463705F6D
S31508020654696E7075743A207063622D3E6E6578749D
S3150802066420213D20706362202861667465722063C6
S3150802067461636865290000007463705F696E70754A
S31508020684743A2054494D452D5741495420706362A2
S315080206942D3E7374617465203D3D2054494D452DA4
S315080206A457414954000000007063622D3E72656624
S315080206B4757365645F64617461203D3D204E554CD3
S315080206C44C0000007463705F696E7075745F6465CC
S315080206D46C617965645F636C6F73653A20696E76DB
S315080206E4616C696420706362000000007463705F61
S315080206F46C697374656E5F696E7075743A20696E97
S3150802070476616C6964207063620000007463705FCA
S3150802071474696D65776169745F696E7075743A2078
S31508020724696E76616C696420706362007463705FD3
S3150802073470726F636573733A20696E76616C696465
S3150802074420706362000000007463705F696E7075DE
S31508020754743A207063622D3E737461746520213D78
S3150802076420434C4F534544007063622D3E736E64B6
S315080207745F71756575656C656E203E2030000000F4
S315080207846E6F207365676D656E7420746F2066726A
S31508020794656500007063622D3E6C697374656E65E7
S315080207A4722D3E61636365707420213D204E554C5B
S315080207B44C0000007463705F6F6F735F696E7365D4
S315080207C472745F7365676D656E743A20696E7661D5
S315080207D46C69642063736567000000007063622DA8
S315080207E43E736E645F71756575656C656E203E3D14
S315080207F420706275665F636C656E286E6578742D03
S315080208043E7029007463705F726563656976653A3A
S315080208142076616C6964207175657565206C656EF0
S31508020824677468007463705F726563656976653AAE
S3150802083420696E76616C6964207063620000000048
S315080208447463705F726563656976653A2077726F59
S315080208546E6720737461746500000000756E6163C7
S315080208646B656400756E73656E740000696E7365F4
S31508020874672E7020213D204E554C4C00696E7361DB
S315080208846E65206F6666736574210000706275660C
S3150802089420746F6F2073686F727421007463705FBB
S315080208A4726563656976653A207365676D656E7404
S315080208B4206E6F74207472696D6D656420636F723D
S315080208C4726563746C7920746F207263765F776ECF
S315080208D4640A00007463705F726563656976653AD3
S315080208E4207365676D656E74206E6F742074726901
S315080208F46D6D656420636F72726563746C792074B6
S315080209046F206F6F7365712071756575650A0000CE
S315080209147463705F726563656976653A2074637099
S315080209246C656E203E207263765F776E640A0000F9
S315080209347463705F726563656976653A206F6F736F
S315080209446571207463706C656E203E207263765FEF
S31508020954776E640A000000007463705F70617273D4
S31508020964656F70743A20696E76616C696420706387
S31508020974620000002E2E2F4D6964646C65776172DD
S3150802098465732F54686972645F50617274792F4C67
S315080209947749502F7372632F636F72652F7463706E
S315080209A45F6F75742E6300007463705F63726561AA
S315080209B474655F7365676D656E743A20696E7661F0
S315080209C46C69642070636200417373657274696F3B
S315080209D46E2022257322206661696C65642061741F
S315080209E4206C696E6520256420696E2025730A00C9
S315080209F47463705F6372656174655F7365676D6559
S31508020A046E743A20696E76616C69642070627566E2
S31508020A1400000000702D3E746F745F6C656E203E94
S31508020A243D206F70746C656E000000007463705F1D
S31508020A34706275665F707265616C6C6F633A206981
S31508020A446E76616C6964206F76657273697A65007D
S31508020A547463705F706275665F707265616C6C6FE1
S31508020A64633A20696E76616C696420706362000079
S31508020A746E65656420756E636861696E6564207067
S31508020A84627566007463705F77726974655F63681A
S31508020A9465636B733A20696E76616C696420706368
S31508020AA4620000007463705F77726974653A207035
S31508020AB462756673206F6E207175657565203D3E95
S31508020AC4206174206C65617374206F6E652071757C
S31508020AD4657565206E6F6E2D656D707479000000FC
S31508020AE47463705F77726974653A206E6F207062F8
S31508020AF4756673206F6E207175657565203D3E2097
S31508020B04626F74682071756575657320656D707496
S31508020B14790000007463705F77726974653A2069B4
S31508020B246E76616C69642070636200007463705F38
S31508020B3477726974653A20617267203D3D204E5585
S31508020B444C4C202870726F6772616D6D65722076DF
S31508020B54696F6C617465732041504929000000006D
S31508020B646D73735F6C6F63616C20697320746F6F46
S31508020B7420736D616C6C0000696E636F6E736973C2
S31508020B8474656E74206F76657273697A65207673F6
S31508020B942E20737061636500696E636F6E73697381
S31508020BA474656E74206F76657273697A65207673D6
S31508020BB42E206C656E0000007463705F7772697428
S31508020BC4653A20524F4D2070627566732063616ED2
S31508020BD46E6F74206265206F76657273697A6564CE
S31508020BE400000000756E73656E745F6F76657273C6
S31508020BF4697A65206D69736D617463682028706308
S31508020C04622D3E756E73656E74206973204E554C5B
S31508020C144C2900007463705F77726974653A2063BD
S31508020C246865636B207468617420666972737420DC
S31508020C34706275662063616E20686F6C64207468DE
S31508020C446520636F6D706C657465207365676C6582
S31508020C546E0000006F76657273697A65203D3D20E1
S31508020C6430000000707265765F73656720213D2047
S31508020C744E554C4C000000007463705F77726974B9
S31508020C84653A2063616E6E6F7420636F6E63617476
S31508020C94656E617465207768656E207063622D3EA1
S31508020CA4756E73656E7420697320656D7074790048
S31508020CB47463705F77726974653A20657874656ED1
S31508020CC473696F6E206F66207265666572656E63F8
S31508020CD465207265717569726573207265666572D7
S31508020CE4656E6365000000007463705F77726974E9
S31508020CF4653A2076616C6964207175657565206C40
S31508020D04656E6774680000007463705F73706C695B
S31508020D14745F756E73656E745F7365673A20696E80
S31508020D2476616C69642070636200000043616E2711
S31508020D34742073706C6974207365676D656E7420AC
S31508020D44696E746F206C656E6774682030000000E3
S31508020D5473706C6974203C3D206D73730000000047
S31508020D64757365672D3E6C656E203E203000000063
S31508020D74736567203D3D204E554C4C007463705F85
S31508020D8473656E645F66696E3A20696E76616C692C
S31508020D9464207063620000007463705F656E717527
S31508020DA46575655F666C6167733A206E656564206E
S31508020DB4656974686572205443505F53594E206FAF
S31508020DC472205443505F46494E20696E20666C6110
S31508020DD46773202870726F6772616D6D657220760B
S31508020DE4696F6C61746573204150492900000000DB
S31508020DF47463705F656E71756575655F666C616748
S31508020E04733A20696E76616C6964207063620000C5
S31508020E147463705F656E71756575655F666C616727
S31508020E24733A20636865636B207468617420666923
S31508020E3472737420706275662063616E20686F6CC3
S31508020E4464206F70746C656E000000007365672D0C
S31508020E543E746370686472206E6F7420616C69678D
S31508020E646E6564007463705F656E71756575655F3A
S31508020E74666C6167733A20696E76616C696420737D
S31508020E8465676D656E74206C656E6774680000002C
S31508020E947463705F656E71756575655F666C6167A7
S31508020EA4733A20696E76616C696420717565756535
S31508020EB4206C656E677468007463705F6F7574700E
S31508020EC475743A20696E76616C696420706362008F
S31508020ED4646F6E27742063616C6C207463705F6F31
S31508020EE4757470757420666F72206C697374656E96
S31508020EF42D70636273000000525354206E6F74207F
S31508020F046578706563746564206865726521000096
S31508020F147463705F6F75747075745F7365676D65F6
S31508020F246E745F627573793A20696E76616C696468
S31508020F3420736567000000007463705F6F757470D0
S31508020F4475745F7365676D656E743A20696E76614A
S31508020F546C696420736567007463705F6F75747077
S31508020F6475745F7365676D656E743A20696E76612A
S31508020F746C696420706362007463705F6F75747061
S31508020F8475745F7365676D656E743A20696E76610A
S31508020F946C6964206E657469660000006F70746912
S31508020FA46F6E73206E6F742066696C6C65640000DC
S31508020FB47463705F7265786D69745F72746F5F705B
S31508020FC47265706172653A20696E76616C6964202D
S31508020FD4706362007463705F7265786D69745F72B8
S31508020FE4746F5F636F6D6D69743A20696E76616CAE
S31508020FF469642070636200007463705F7265786D59
S3150802100469745F72746F3A20696E76616C696420DA
S31508021014706362007463705F7265786D69743A20EE
S31508021024696E76616C696420706362007463705FCA
S315080210347265786D69745F666173743A20696E764F
S31508021044616C69642070636200000000636865630A
S315080210546B20746861742066697273742070627591
S31508021064662063616E20686F6C642073747275639C
S3150802107474207463705F6864720000007463705F3E
S315080210846F75747075745F616C6C6F635F686561A4
S315080210946465723A20696E76616C6964207063626B
S315080210A4000000007463705F6F75747075745F6610
S315080210B4696C6C5F6F7074696F6E733A20696E76C9
S315080210C4616C696420706275660000007463705FFF
S315080210D46F75747075745F636F6E74726F6C5F7319
S315080210E465676D656E743A20696E76616C6964200B
S315080210F470627566000000007463705F7273743AF6
S3150802110420696E76616C6964206C6F63616C5F69D1
S31508021114700000007463705F7273743A20696E76A5
S31508021124616C69642072656D6F74655F697000002D
S315080211347463705F73656E645F656D7074795F61FD
S31508021144636B3A20696E76616C6964207063620027
S315080211547463705F6B656570616C6976653A20695C
S315080211646E76616C69642070636200007463705FF2
S315080211747A65726F5F77696E646F775F70726F6292
S31508021184653A20696E76616C696420706362000050
S315080211942E2E2F4D6964646C6577617265732F54BC
S315080211A4686972645F50617274792F4C7749502F5B
S315080211B47372632F636F72652F74696D656F7574C5
S315080211C4732E63007379735F74696D656F75743A08
S315080211D42074696D656F757420213D204E554C4CFB
S315080211E42C20706F6F6C204D454D505F5359535FD9
S315080211F454494D454F555420697320656D70747969
S3150802120400000000417373657274696F6E202225AB
S315080212147322206661696C6564206174206C696E48
S315080212246520256420696E2025730A0054696D6554
S315080212346F75742074696D6520746F6F206C6F6E98
S31508021244672C206D6178206973204C5749505F5585
S31508021254494E5433325F4D41582F34206D736563BA
S3150802126473000000696E76616C696420736C656547
S315080212747074696D650000002E2E2F4D6964646CC6
S315080212846577617265732F54686972645F50617217
S3150802129474792F4C7749502F7372632F636F726573
S315080212A42F7564702E6300007564705F696E7075BD
S315080212B4745F6C6F63616C5F6D617463683A20690D
S315080212C46E76616C696420706362000041737365AB
S315080212D47274696F6E2022257322206661696C65B1
S315080212E464206174206C696E6520256420696E2009
S315080212F425730A007564705F696E7075745F6C6F26
S3150802130463616C5F6D617463683A20696E76616CB9
S315080213146964206E65746966000000007564705F0E
S31508021324696E7075743A20696E76616C69642070A8
S31508021334627566007564705F696E7075743A2069C1
S315080213446E76616C6964206E6574696600000000D5
S31508021354706275665F72656D6F76655F68656164EE
S315080213646572206661696C65640A00007564705F5B
S3150802137473656E643A20696E76616C69642070637B
S31508021384620000007564705F73656E643A20696E64
S3150802139476616C6964207062756600007564705FB4
S315080213A473656E64746F3A20696E76616C6964203B
S315080213B4706362007564705F73656E64746F3A2055
S315080213C4696E76616C696420706275660000000055
S315080213D47564705F73656E64746F3A20696E7661BC
S315080213E46C6964206473745F697000007564705F65
S315080213F473656E64746F5F69663A20696E76616CAA
S3150802140469642070636200007564705F73656E6454
S31508021414746F5F69663A20696E76616C69642070D6
S31508021424627566007564705F73656E64746F5F696E
S31508021434663A20696E76616C6964206473745F69BE
S31508021444700000007564705F73656E64746F5F691B
S31508021454663A20696E76616C6964206E657469669B
S31508021464000000007564705F73656E64746F5F696B
S31508021474665F7372633A20696E76616C696420707A
S31508021484636200007564705F73656E64746F5F6986
S31508021494665F7372633A20696E76616C696420705A
S315080214A4627566007564705F73656E64746F5F69EE
S315080214B4665F7372633A20696E76616C6964206446
S315080214C473745F69700000007564705F73656E6497
S315080214D4746F5F69665F7372633A20696E76616CCC
S315080214E46964207372635F69700000007564705FD3
S315080214F473656E64746F5F69665F7372633A2069B3
S315080215046E76616C6964206E657469660000000013
S31508021514636865636B2074686174206669727374A0
S3150802152420706275662063616E20686F6C6420732E
S315080215347472756374207564705F6864720000005F
S315080215447564705F62696E643A20696E76616C6965
S3150802155464207063620000007564705F636F6E6E68
S315080215646563743A20696E76616C69642070636295
S31508021574000000007564705F636F6E6E6563743A8B
S3150802158420696E76616C69642069706164647200AC
S315080215947564705F646973636F6E6E6563743A200B
S315080215A4696E76616C696420706362007564705F43
S315080215B4726563763A20696E76616C696420706333
S315080215C4620000007564705F72656D6F76653A2015
S315080215D4696E76616C696420706362002E2E2F4DE3
S315080215E46964646C6577617265732F546869726499
S315080215F45F50617274792F4C7749502F7372632F37
S31508021604636F72652F697076342F657468617270B8
S315080216142E6300007374617465203D3D2045544869
S315080216244152505F53544154455F50454E44494EC6
S3150802163447207C7C207374617465203E3D204554A2
S31508021644484152505F53544154455F535441424CA6
S3150802165445000000417373657274696F6E20222512
S315080216647322206661696C6564206174206C696EF4
S315080216746520256420696E2025730A006172705FED
S315080216847461626C655B695D2E71203D3D204E5521
S315080216944C4C000069203C204152505F5441424C54
S315080216A4455F53495A4500006172705F7461626C02
S315080216B4655B695D2E7374617465203D3D204554EE
S315080216C4484152505F53544154455F454D5054590D
S315080216D4000000006E657469662D3E68776164646D
S315080216E4725F6C656E203D3D204554485F485741FC
S315080216F44444525F4C454E006574685F72657420B3
S31508021704213D204E554C4C2026262069705F726571
S315080217147420213D204E554C4C00000069706164CA
S31508021724647220213D204E554C4C00006E65746946
S315080217346620213D204E554C4C0000006574685FB6
S3150802174472657420213D204E554C4C006172705FBF
S315080217547461626C655B6172705F6964785D2E732D
S3150802176474617465203E3D204554484152505F5386
S31508021774544154455F535441424C45007120213D1E
S31508021784204E554C4C00000074797065206F7665BE
S3150802179472666C6F770000006172705F7461626CC6
S315080217A4655B695D2E7374617465203D3D20504501
S315080217B44E44494E47206F7220535441424C4500C9
S315080217C46E6F207061636B657420717565756573D8
S315080217D420616C6C6F776564210000006368656339
S315080217E46B207468617420666972737420706275FA
S315080217F4662063616E20686F6C6420737472756305
S3150802180474206574686172705F686472000000000F
S315080218146E657469662D3E6877616464725F6C6589
S315080218246E206D7573742062652074686520736111
S315080218346D65206173204554485F485741444452B4
S315080218445F4C454E20666F7220657468617270211A
S31508021854000000002E2E2F4D6964646C6577617250
S3150802186465732F54686972645F50617274792F4C78
S315080218747749502F7372632F636F72652F69707677
S31508021884342F69636D702E630000000069636D70FE
S315080218945F696E7075743A206D6F76696E67207229
S315080218A42D3E7061796C6F616420746F2069636D73
S315080218B47020686561646572206661696C65640A8C
S315080218C400000000417373657274696F6E202225E5
S315080218D47322206661696C6564206174206C696E82
S315080218E46520256420696E2025730A0069636D7074
S315080218F45F696E7075743A20726573746F72696E75
S3150802190467206F726967696E616C20702D3E70611B
S31508021914796C6F6164206661696C65640A0000000B
S31508021924636865636B20746861742066697273748C
S3150802193420706275662063616E20686F6C64206924
S31508021944636D70206D657373616765002E2E2F4D66
S315080219546964646C6577617265732F546869726425
S315080219645F50617274792F4C7749502F7372632FC3
S31508021974636F72652F697076342F6970342E63002B
S31508021984702D3E726566203D3D20310041737365B4
S315080219947274696F6E2022257322206661696C65EA
S315080219A464206174206C696E6520256420696E2042
S315080219B425730A00636865636B207468617420661C
S315080219C46972737420706275662063616E20686F2B
S315080219D46C64207374727563742069705F686472C8
S315080219E4000000002E2E2F4D6964646C65776172BF
S315080219F465732F54686972645F50617274792F4CE7
S31508021A047749502F7372632F636F72652F697076E5
S31508021A14342F6970345F667261672E6300000000B2
S31508021A247072657620213D20697072004173736570
S31508021A347274696F6E2022257322206661696C6549
S31508021A4464206174206C696E6520256420696E20A1
S31508021A5425730A00707265762D3E6E657874203D8C
S31508021A643D2069707200000070627566735F667263
S31508021A74656564202B20636C656E203C3D203078B6
S31508021A84666666660000000069705F726561737354
S31508021A945F70627566636F756E74203E3D20706270
S31508021AA47566735F667265656400000073616E69C4
S31508021AB4747920636865636B206C696E6B65642050
S31508021AC46C69737400000000636865636B20667250
S31508021AD461676D656E747320646F6E2774206F7602
S31508021AE465726C61700000006E6F207072657669AB
S31508021AF46F757320667261676D656E742C207468DF
S31508021B046973206D7573742062652074686520662E
S31508021B146972737420667261676D656E742100005A
S31508021B2473616E69747920636865636B00000000EB
S31508021B3476616C69646174655F6461746167726114
S31508021B446D3A6E6578745F70627566213D4E554CC2
S31508021B544C00000069705F72656173735F70627529
S31508021B6466636F756E74203E3D20636C656E000075
S31508021B7469707220213D204E554C4C006E6F7420BC
S31508021B846669727374616C74686F756768206A75BE
S31508021B94737420656E717565756564007020213DE0
S31508021BA4204E554C4C00000070637220213D204E95
S31508021BB4554C4C00706372203D3D207000000000B5
S31508021BC46970345F6672616728293A20706275669D
S31508021BD420746F6F2073686F727400007468697377
S31508021BE4206E656564732061207062756620696E6D
S31508021BF4206F6E652070696563652100702D3E6CE1
S31508021C04656E203E3D20706F666600002E2E2F4DAF
S31508021C146964646C6577617265732F546869726462
S31508021C245F50617274792F4C7749502F7372632F00
S31508021C346E657469662F65746865726E65742E635B
S31508021C44000000006E657469662D3E6877616464F7
S31508021C54725F6C656E206D7573742062652036201A
S31508021C64666F722065746865726E65745F6F7574E3
S31508021C747075742100000000417373657274696F8C
S31508021C846E2022257322206661696C65642061745C
S31508021C94206C696E6520256420696E2025730A0006
S31508021CA494F1010800000000000000000000000092
S31508021CB400000000000400001800000000000000F4
S31508021CC400000000000000000000000001020304F6
S31508021CD406070809000000000102030420060A0098
S31508021CE46C010020B03E0020200004003C8F002036
S31508021CF4C08F00209C000500C48F0020D4920020C7
S31508021D041C000800D8920020BC9300201000100082
S31508021D14C0930020C494002020000500C894002023
S31508021D246C95002018000F0070950020DC960020A0
S31508021D3410000200E0960020049700202800040000
S31508021D4408970020AC97002010000800B0970020DE
S31508021D54349800201000080038980020BC98002007
S31508021D6410000300C0980020F49800201000100008
S31508021D74F8980020FC99002060021000009A0020BE
S31508021D8404C00020EC1C0208F81C0208041D020800
S31508021D94101D02081C1D0208281D0208341D02080B
S31508021DA4401D02084C1D0208581D0208641D02083B
S31508021DB4701D02087C1D02080102030405060707B2
S31508021DC4070707070700000003060C1830607800A7
S31508021DD41CC0002018C0002020C0002024C00020F7
S31508021DE4FA000000C9600108E8030000B1D001083E
S31508021DF4E8030000B1B9010800000000FFFFFFFF75
S31508021E04FFFF00000000000000005245454E542022
S31508021E146D616C6C6F632073756363656564656471
S31508021E24002F6275696C642F676E752D746F6F6CFB
S31508021E34732D666F722D73746D33325F31322E339E
S31508021E442E72656C312E32303234303932362D31B7
S31508021E543731352F7372632F6E65776C69622F6E0D
S31508021E6465776C69622F6C6962632F7374646C6933
S31508021E74622F72616E642E63002C2066756E63741B
S31508021E84696F6E3A2000617373657274696F6E20A6
S31508021E9422257322206661696C65643A2066696C38
S31508021EA46520222573222C206C696E6520256425FB
S31508021EB47325730A00232D302B2000686C4C0065A9
S31508021EC46667454647003031323334353637383952
S31508021ED44142434445460030313233343536373885
S30D08021EE4396162636465660058
S30D08021EECE4A2FE7F01000000DA
S30908021EF4B5C100085C
S30908021EF891C100087C
S31508021EFC0024F40010000000010000003D00010857
S31508021F0C510001089500010861000108C900010881
S31508021F1CAAAAAAAA00C000006E19000000C00000F6
S31508021F2C000000000300000074C1002040000020DD
S31508021F3C0000000074C10020DCC1002044C200204D
S31508021F4C0000000000000000000000000000000075
S31508021F5C0000000000000000000000000000000065
S31508021F6C0000000000000000000000000000000055
S31108021F7C00000000000000000000000049
S7050800CB2502
